DELETE FROM jelentkezes;
DELETE FROM hallgato;
DELETE FROM vizsga;

# hallgatók
INSERT INTO hallgato (id, nev) VALUES
(1, 'Szósz Boglárka'),
(2, 'Miklósi Miklós'),
(3, 'Árva Dóra'),
(4, 'Pótz Győző'),
(5, 'Savanya Judit'),
(6, 'Varga Szimonetta'),
(7, 'Almási Jenő'),
(8, 'Püski László'),
(9, 'Lovai Kálmán'),
(10, 'Eszes Albert'),
(11, 'Seprenyi Edit'),
(12, 'Koch Nikolett'),
(13, 'Lengyel Nóra Kata'),
(14, 'Vincze Eszter'),
(15, 'Szedlacsek Luca'),
(16, 'Halmos Anikó'),
(17, 'Kovács Annamária'),
(18, 'Bitó Kálmán'),
(19, 'Benedek Attila'),
(20, 'Dombovári Réka'),
(21, 'Szőke Noémi Eszter'),
(22, 'Senkey Zsuzsanna'),
(23, 'Ördög Kálmán'),
(24, 'Tóth Eszter'),
(25, 'Stofin Luca Lídia'),
(26, 'Debreceni Kata'),
(27, 'Komlósi Katalin'),
(28, 'Jónás Alexandra'),
(29, 'Csonka Lili Lujza'),
(30, 'Illés Béla'),
(31, 'Orosz Zita Ildikó'),
(32, 'Bogdándi Tamara'),
(33, 'Herédi Orsolya'),
(34, 'Virág Katalin'),
(35, 'Sebok Anna'),
(36, 'Várkonyi Paulina'),
(37, 'Sós Krisztián'),
(38, 'Kovács Lilla Krisztina'),
(39, 'Blum Emil'),
(40, 'Molnár Roland'),
(41, 'Csordás István'),
(42, 'Dobó Péter'),
(43, 'Sarlós György'),
(44, 'Bedő Emil'),
(45, 'Dömötör Tamás'),
(46, 'Kiss Tímea'),
(47, 'Haraszti Lilla'),
(48, 'Kozmann Réka'),
(49, 'Szűcs Géza'),
(50, 'Bodosi Júlia Anna'),
(51, 'Tánczos Nóra'),
(52, 'Nyíl Szonja'),
(53, 'Tóth Dorottya'),
(54, 'Fodor Sára Réka'),
(55, 'Hegedűs Lilla'),
(56, 'Lakatos Noémi'),
(57, 'Olasz István'),
(58, 'Tóth Luca'),
(59, 'Gyurcsik Dorina'),
(60, 'Zombori Vanessza'),
(61, 'Bóka Bernadett'),
(62, 'Pálos Réka'),
(63, 'Jenei Tibor'),
(64, 'Patyi Zita'),
(65, 'Schaff Aladár'),
(66, 'Szabó Gyöngyi'),
(67, 'Lózung Gábor'),
(68, 'Farkas Karl'),
(69, 'Kővágó Temir'),
(70, 'Kisó Gábor'),
(71, 'Mészáros Viola'),
(72, 'Máté Róbert'),
(73, 'Horváth Annamária'),
(74, 'Szántó Tünde Tímea'),
(75, 'Bózsó Tamás'),
(76, 'Papp Fanni Erika'),
(77, 'Nyers Péter'),
(78, 'Nagy Lajos'),
(79, 'Vastag Georgina'),
(80, 'Kovács Blanka'),
(81, 'Kállai Réka'),
(82, 'Kerekes Ottó'),
(83, 'Tan Zoltán'),
(84, 'Bakos Jácint'),
(85, 'Fábián Imre'),
(86, 'Tóti Réka Evelin'),
(87, 'Varga Zsuzsanna'),
(88, 'Fekete Vivien'),
(89, 'Pálfi Csilla'),
(90, 'Lajkó Elza'),
(91, 'Vass Gabriella'),
(92, 'Bori Győző'),
(93, 'Mezőlaki Zoltán'),
(94, 'Farkas Béla'),
(95, 'Nemes Dóra'),
(96, 'Selmeci Ágnes'),
(97, 'Csepp Endre'),
(98, 'Mike Mátyás'),
(99, 'Esztergályos Henrietta'),
(100, 'Török Lóránt'),
(101, 'Kónya Nikolett'),
(102, 'Kockás Laura'),
(103, 'Molnár Zsigmond'),
(104, 'Horváth Rita'),
(105, 'Bencsik Mónika'),
(106, 'Veres Zoltán'),
(107, 'Késmárky Petra'),
(108, 'Kovács Péter'),
(109, 'Nagy József'),
(110, 'Vida Adrienn'),
(111, 'Deme Daniella'),
(112, 'Sebok Zsófia'),
(113, 'Balog Pál'),
(114, 'Sipos Borbála'),
(115, 'Ormos Zita Mária'),
(116, 'Mészáros Judit Enikő'),
(117, 'Pásztor Tibor'),
(118, 'Klaumer István'),
(119, 'Erdélyi Lilla'),
(120, 'Zombori Emese'),
(121, 'Nagy Georgina'),
(122, 'Kincses Ágota'),
(123, 'Németh Imre'),
(124, 'Widek Tamás'),
(125, 'Tari Fruzsina'),
(126, 'Szednicsek Zsófia'),
(127, 'Nemes Nikolett'),
(128, 'Nagy Krisztina'),
(129, 'Duma Flóra'),
(130, 'Dobi Mónika'),
(131, 'Bor Attila'),
(132, 'Juhász Ákos'),
(133, 'Seik Péter'),
(134, 'Sebők Gerda'),
(135, 'Fábián Lili'),
(136, 'Varga Árpád'),
(137, 'Béla Rebeka Judit'),
(138, 'Gors Dóra'),
(139, 'Gyulai Petra'),
(140, 'Guzmin Natália'),
(141, 'Marton Pál'),
(142, 'Rém Igor'),
(143, 'Beke Csenge Kata'),
(144, 'Kószó Laura'),
(145, 'Zsók Emese Zsuzsanna'),
(146, 'Makra Kitti Ildikó'),
(147, 'Szántó Katinka Mandula'),
(148, 'Farkas István'),
(149, 'Nagy Flóra'),
(150, 'Herceg Zsolt'),
(151, 'Kautzky Evelin'),
(152, 'Csáki Pál'),
(153, 'Sas Imola'),
(154, 'Bitó Tamás'),
(155, 'Lukács Orsolya'),
(156, 'Siklósi Kálmán'),
(157, 'Samu Nóra'),
(158, 'Szabó Pál'),
(159, 'Révész Viktória'),
(160, 'Rómer Andrea'),
(161, 'Kovács Árpád'),
(162, 'Ádám Eszter'),
(163, 'Molnár Blanka'),
(164, 'Tóth Adél'),
(165, 'Hajas Fruzsina'),
(166, 'Wollek Zoltán'),
(167, 'Juhász Csaba'),
(168, 'Koch Ferenc'),
(169, 'Kármán Anna Katalin'),
(170, 'Molnár Nóra'),
(171, 'Halász Zoltán'),
(172, 'Tari Zsófia Mariann'),
(173, 'Bánfi Péter'),
(174, 'Nyári Ferenc'),
(175, 'Fődi Norbert'),
(176, 'Réti Imre'),
(177, 'Kincses Dezső'),
(178, 'Várkonyi Kata'),
(179, 'Ilkei Réka Emese'),
(180, 'Juhász Rezső'),
(181, 'Bajnai Rita'),
(182, 'Gál Anna'),
(183, 'Szabados Dezső'),
(184, 'Szilágyi Bence'),
(185, 'Olajos Boglárka Gyöngyi'),
(186, 'Kereki Lilla Sára'),
(187, 'Kovács Gábor'),
(188, 'Janka Eszter Dalma'),
(189, 'Dancs Petra'),
(190, 'Barta Dalma'),
(191, 'Csapó Nikolett Klára'),
(192, 'Horváth Balázs'),
(193, 'Lázár Laura'),
(194, 'Füst Csenge'),
(195, 'Forgó Krisztina'),
(196, 'Hegyközi Réka'),
(197, 'Ludányi Gábor'),
(198, 'Takács Lili'),
(199, 'Rácz Anna'),
(200, 'Bordás Anna Lili'),
(201, 'Komáromi Mátyás'),
(202, 'Mészáros Éva'),
(203, 'Tihanyi Gábor'),
(204, 'Erdélyi Brigitta'),
(205, 'Forrai Gerda'),
(206, 'Sári Ágnes'),
(207, 'Barna Róbert'),
(208, 'Szabó Bettina'),
(209, 'Fogó Ramóna'),
(210, 'Lajos Zsolt'),
(211, 'Budai Enikő'),
(212, 'Balogh Gusztáv'),
(213, 'Király Nikolett'),
(214, 'Barta Emese'),
(215, 'Kis Rebeka Anna'),
(216, 'Hódi Lajos'),
(217, 'Éger Imre'),
(218, 'Kristóf Anna'),
(219, 'Halmosi Petra'),
(220, 'Kiss Noémi Lilla'),
(221, 'Gábor Anna'),
(222, 'Juhász Tünde Dóra'),
(223, 'Oláh Zsóka'),
(224, 'Kemény Henrietta'),
(225, 'Császár Beáta'),
(226, 'Tárkány Emília'),
(227, 'Zádori Mátyás'),
(228, 'Karasi Melinda'),
(229, 'Sebestyén Béla'),
(230, 'Maróti Enikő'),
(231, 'Lindh Gabriella Márta'),
(232, 'Kiss Zsolt'),
(233, 'Deák Helga Klára'),
(234, 'Szilasi Lili'),
(235, 'Király Réka Anna'),
(236, 'Sebő Attila'),
(237, 'Szelei Károly'),
(238, 'Pintér Tímea Kitti'),
(239, 'Garai Katalin'),
(240, 'Zentay Tamás'),
(241, 'Bronner Eta'),
(242, 'Tomka Veronika'),
(243, 'Pölös Kata Enikő'),
(244, 'Kincses Péter'),
(245, 'Masa Zsolt'),
(246, 'Benkő Diána'),
(247, 'Budai Orsolya'),
(248, 'Lengyel Zsófia Edit'),
(249, 'Varga Fanni'),
(250, 'Nagy Imre'),
(251, 'Hajhtsa Tamás'),
(252, 'Hódi Dominika Ágnes'),
(253, 'Borcsa Lajos'),
(254, 'Davidov Tamás'),
(255, 'Gőcze Fanni Zsófia'),
(256, 'Urbán István'),
(257, 'Kiss Dóra'),
(258, 'Bíró Tamás'),
(259, 'Herédi Tímea Emese'),
(260, 'Sipos Tímea'),
(261, 'Földesi Kálmán'),
(262, 'Bíró Ivett'),
(263, 'Bóna Petra'),
(264, 'Vidács Nóra'),
(265, 'Sümegi Ottó'),
(266, 'Csom Andrea'),
(267, 'Varga Kata Judit'),
(268, 'Mészáros Ernő'),
(269, 'Magyar Patrícia'),
(270, 'Stabb Mercédesz'),
(271, 'Tomma Pál'),
(272, 'Tóth Kata Mária'),
(273, 'Vég Gábor'),
(274, 'Jag Fruzsina Bernadett'),
(275, 'Tanács Zsófia Kata'),
(276, 'Engi Zsolt'),
(277, 'Fenyves Mózes'),
(278, 'Takács Pál'),
(279, 'Kertész Annamária'),
(280, 'Kipall Judit'),
(281, 'Bató Franciska'),
(282, 'Kovács Imre'),
(283, 'Bodor Ádám'),
(284, 'Szendrődi Zsuzsanna Emese'),
(285, 'Lant Tibor'),
(286, 'Spák Bernadett'),
(287, 'Mészáros Tamás'),
(288, 'Borbás Dorottya'),
(289, 'Vörös József'),
(290, 'Alsó Gábor'),
(291, 'Bognár Ágnes'),
(292, 'Falch Anna'),
(293, 'Varga Tímea'),
(294, 'Sütő Gábor'),
(295, 'Ördög Ildikó'),
(296, 'Borisz Kinga'),
(297, 'Zólyomi Zsófia Katalin'),
(298, 'Berger Betti'),
(299, 'Baranyi Kinga'),
(300, 'Polgár Beáta'),
(301, 'Csóti Petra'),
(302, 'Nagy Anita'),
(303, 'Nik Sándor'),
(304, 'Mészáros Gábor'),
(305, 'Török Gusztáv'),
(306, 'Márton Ferenc'),
(307, 'Kertész Zoltán'),
(308, 'Ádám Sándor'),
(309, 'Csorba Brigitta Krisztina'),
(310, 'Kovai Balázs'),
(311, 'Korsós Ottó'),
(312, 'Kovács Eszter'),
(313, 'Seres Gabriella Mária'),
(314, 'Sági Barbara Emma'),
(315, 'Molnár Katalin'),
(316, 'Happ Zoltán'),
(317, 'Izsó Norbert'),
(318, 'Sipos Dária Zsuzsanna'),
(319, 'Dávid Ditta'),
(320, 'Tóth Stella'),
(321, 'Tatár Sándor'),
(322, 'Skvar Annamária Eszter'),
(323, 'Szűcs Imre'),
(324, 'Nikk Nándor'),
(325, 'Kelemen Kálmán'),
(326, 'Binszki Cintia'),
(327, 'Károly Zita'),
(328, 'Moli Imre'),
(329, 'Turán Tamás'),
(330, 'Lengyel István'),
(331, 'Földesi Katalin Ida'),
(332, 'Hamar Károly'),
(333, 'Erdélyi Ivana'),
(334, 'Szűcs Kitti'),
(335, 'Vincze Vivien'),
(336, 'Benkő Blanka'),
(337, 'Bereczki Bernadett'),
(338, 'Varga András'),
(339, 'Lakatos Vera'),
(340, 'Csizmadia Mónika'),
(341, 'Benkő Zsófia'),
(342, 'Farkas Elek'),
(343, 'Nagy Mónika'),
(344, 'Boldizsár Lili'),
(345, 'Berényi István'),
(346, 'Bodnár Anita Réka'),
(347, 'Domonkos Zsolt'),
(348, 'Horváth Ervin'),
(349, 'Tari Enikő'),
(350, 'Kosztolányi Zsófia Viktória'),
(351, 'Kamarás Tekla'),
(352, 'Buzás Zoltán'),
(353, 'Kiss Anna Magdolna'),
(354, 'Seprényi Zita'),
(355, 'Lehóczki Hugó'),
(356, 'Csontos Lilla'),
(357, 'Pusztai Petra'),
(358, 'Jován Annabella'),
(359, 'Weiler András'),
(360, 'Magyari Dóra'),
(361, 'Nagy Norbert'),
(362, 'Németh Ernő'),
(363, 'Papp Krisztina Erika'),
(364, 'Keszthelyi Evelin'),
(365, 'Boldog Tamás'),
(366, 'Farkas Mihály'),
(367, 'Jeny Frigyes'),
(368, 'Fodor Zsófia'),
(369, 'Molnár Péter'),
(370, 'Déri Ottó'),
(371, 'Solymosi Zoltán'),
(372, 'Grúber Anna'),
(373, 'Takács Viktória'),
(374, 'Kiss Fanni Lívia'),
(375, 'Plólyik Noémi'),
(376, 'Nemes Anna'),
(377, 'Szabó Zsófia'),
(378, 'Mester Ágnes'),
(379, 'Kertész Péter'),
(380, 'Rácz Nóra'),
(381, 'Tóth Márta'),
(382, 'Budavári Melitta'),
(383, 'Kováts Dzsenifer'),
(384, 'Kasznár Ottó'),
(385, 'Buda Vanessza'),
(386, 'Borka János'),
(387, 'Sebők Anikó Dorina'),
(388, 'Gömöri József'),
(389, 'Irinyi Sára Réka'),
(390, 'Végh Emese'),
(391, 'Tánczos Imre'),
(392, 'Nyolcas Blanka'),
(393, 'Berta Viola'),
(394, 'Somi József'),
(395, 'Kovács Klaudia'),
(396, 'Dani Petra'),
(397, 'Elek József'),
(398, 'Sár Endre'),
(399, 'Teleki Viktória'),
(400, 'Dábity Tamás'),
(401, 'Mészáros Eszter Aliz'),
(402, 'Szónok Ödön'),
(403, 'Péter Áron'),
(404, 'Puskás Géza'),
(405, 'Hirzer Róbert'),
(406, 'Terjéki Orsolya'),
(407, 'Müller Réka'),
(408, 'Kuti Blanka'),
(409, 'Kristóf Péter'),
(410, 'Szántó Regina'),
(411, 'Balog Johanna Ágnes'),
(412, 'Nagy Emese'),
(413, 'Kovács Zsófia'),
(414, 'Lévai Csongor'),
(415, 'Urbán Melinda'),
(416, 'Szabó Ábel'),
(417, 'Sima Lili Barbara'),
(418, 'Sáry István'),
(419, 'Korcsok Tímea'),
(420, 'Molnár Levente'),
(421, 'Csuka Csaba'),
(422, 'Sári Anett'),
(423, 'Savanya Patrícia'),
(424, 'Horányi Róbert'),
(425, 'Guttmann Nóra Gréta'),
(426, 'Bérczi Éva'),
(427, 'Réti Karen'),
(428, 'Vass Anett'),
(429, 'Pisty Zsolt'),
(430, 'Garadnai László'),
(431, 'Szabó Csaba'),
(432, 'Mészáros Gergely'),
(433, 'Szabó Flóra'),
(434, 'Som Róbert'),
(435, 'Séra Csilla'),
(436, 'Kovács Annamária'),
(437, 'Szokai Nóra'),
(438, 'Kónya Rebeka'),
(439, 'Bánfalvi Virág Sarolta'),
(440, 'Kovács Vilmos'),
(441, 'Szabó Pál'),
(442, 'Kószó Zsolt'),
(443, 'Kelemen Zsófia Magdolna'),
(444, 'Réti Lilla'),
(445, 'Weisz Adrienn'),
(446, 'Zombori Ildikó'),
(447, 'Kárpáti Gréta'),
(448, 'Pászti Dénes'),
(449, 'Ádám Szurázs'),
(450, 'Hajdú Márk'),
(451, 'Rákos Ágnes'),
(452, 'Pintér Renáta'),
(453, 'Csonka Andrea Kata'),
(454, 'Takács Béla'),
(455, 'Hrúz József'),
(456, 'Kovács Szabolcs'),
(457, 'Csiszár Aliz'),
(458, 'Juhász Zita Zsófia'),
(459, 'Nádudvari Anna'),
(460, 'Solti Réka'),
(461, 'Nagy Lili'),
(462, 'Borbély Gábor'),
(463, 'Kopasz Olivér'),
(464, 'Balog Blanka Júlia'),
(465, 'Molnár Róbert'),
(466, 'Kispéter Richárd'),
(467, 'Tóth Anna'),
(468, 'Rovó Rea'),
(469, 'Seprenyi Viktória Liza'),
(470, 'Pataki Lilla Brigitta'),
(471, 'Varga Péter'),
(472, 'Rudas Ágnes'),
(473, 'Bányai Dóra'),
(474, 'Máté Nikolett'),
(475, 'Kása Tamás'),
(476, 'Botos László'),
(477, 'Mind Norbert'),
(478, 'Hámori Dóra'),
(479, 'Matuszka István'),
(480, 'Gyapjas György'),
(481, 'Tóth Szabolcs'),
(482, 'Sós Péter'),
(483, 'Szabó Zoltán'),
(484, 'Gyömbér Zsófia'),
(485, 'Marsi Brigitta'),
(486, 'Hursán Barbara'),
(487, 'Palotai János'),
(488, 'Kis Mercédesz'),
(489, 'Dombi Zsolt'),
(490, 'Nógrádi Klaudia'),
(491, 'Püspök Hugó'),
(492, 'Katona Lilla'),
(493, 'Szabó Máté'),
(494, 'Kurucz Dorottya'),
(495, 'Bálint Éva'),
(496, 'Nagy Kata'),
(497, 'Pálinkás Mónika Krisztina'),
(498, 'Bárány Renáta'),
(499, 'Varga Alexandra'),
(500, 'Béres Laura'),
(501, 'Farkas Anikó'),
(502, 'Pribai Anna'),
(503, 'Csíbor Kata'),
(504, 'Presszer Zita Orsolya'),
(505, 'Bertók Helga'),
(506, 'Dudás Zoltán'),
(507, 'Szűcs Tamás'),
(508, 'Papp Réka Sarolt'),
(509, 'Bálint Kitti'),
(510, 'Zombori Adél'),
(511, 'Szekeres Gábor'),
(512, 'Kis Melitta Éva'),
(513, 'Nyári Imre'),
(514, 'Leander Orsolya Virág'),
(515, 'Pusztai Béla'),
(516, 'Bozóki Róbert'),
(517, 'Török Ferenc'),
(518, 'Balla Flóra'),
(519, 'Bog József'),
(520, 'Nagy Izabella Diána'),
(521, 'Forgó Imre'),
(522, 'Bild László'),
(523, 'Lipót Alexandra Éva'),
(524, 'Tóth Tibor'),
(525, 'Borsos Szilvia'),
(526, 'Marosi Róbert'),
(527, 'Bata Kitti'),
(528, 'Szabó János'),
(529, 'Gyimesi Fruzsina'),
(530, 'Katona Lilla'),
(531, 'Keresztes Géza'),
(532, 'Szántó Balázs'),
(533, 'Váradi Gréta'),
(534, 'Pásztor Lívia'),
(535, 'Elek Flóra'),
(536, 'Markos Gábor'),
(537, 'Gyurik Zsigmond'),
(538, 'Bálint Réka Zsófia'),
(539, 'Gyetvai Anna'),
(540, 'Démon Fanni'),
(541, 'Tornyos Ágnes'),
(542, 'Vásárhelyi Borbála'),
(543, 'Hrisztov Nikolett'),
(544, 'Király Gábor'),
(545, 'Tiszai Zsófia Julianna'),
(546, 'Nagy Ágnes'),
(547, 'Minek Péter'),
(548, 'Szentei Kata'),
(549, 'Mach Zsanett'),
(550, 'Fejes Zsófia'),
(551, 'Szabó György'),
(552, 'Nyakas Tamás'),
(553, 'Ábel Pál'),
(554, 'Vajna Id'),
(555, 'Opál Bettina'),
(556, 'Horváth Antal'),
(557, 'Hoffmann Edit'),
(558, 'Bortoli Viktória'),
(559, 'Horváth Ildikó'),
(560, 'Pályi Zsuzsanna'),
(561, 'Juhász Zita'),
(562, 'Toldi Zoltán'),
(563, 'Nagy Edina'),
(564, 'Barta Attila'),
(565, 'Papp János'),
(566, 'Lauck Péter'),
(567, 'Karlsen Dóra'),
(568, 'Pók Veronika'),
(569, 'Ladányi Dóra Gréta'),
(570, 'Vass Diána Erika'),
(571, 'Kalmár Zoltán'),
(572, 'Kremp Noémi'),
(573, 'Fazekas Béla'),
(574, 'Holzi Gusztáv'),
(575, 'Jónás Anasztázia'),
(576, 'Fazekas Ildikó'),
(577, 'Somogyi Tas'),
(578, 'Illés Borbála Éva'),
(579, 'Eisner Tímea'),
(580, 'Hódi István'),
(581, 'Ébner István'),
(582, 'Urbán Dorottya'),
(583, 'Bognár Lili'),
(584, 'Almási Zoltán'),
(585, 'Kovács Ede'),
(586, 'Kiss Anna'),
(587, 'Novák Gábor'),
(588, 'Lima Alexandra'),
(589, 'Faragó Anna'),
(590, 'Borbás Kis Nóra Kata'),
(591, 'Kiss-Szabó Mihály'),
(592, 'Lisztes Elek'),
(593, 'Kőszegi Béla'),
(594, 'Konrád Lilla'),
(595, 'Nagy Szimonetta'),
(596, 'Szalma Lajos'),
(597, 'Dorogi Endre'),
(598, 'István Vanessa'),
(599, 'Bodnár Dóra'),
(600, 'Szőke Péter'),
(601, 'Javai Petra'),
(602, 'Fekete Balázs'),
(603, 'Varga József'),
(604, 'Somogyi Zsolt'),
(605, 'Varga Kristóf'),
(606, 'Kószó Tímea'),
(607, 'Juhász Zsuzsanna'),
(608, 'Kiss Vivien'),
(609, 'Kiss Oszkár'),
(610, 'Török Dániel'),
(611, 'Farkas Attila'),
(612, 'Németh Johanna Réka'),
(613, 'Veres Zoltán'),
(614, 'Kolláth Vivien'),
(615, 'Kincses Annamária'),
(616, 'Petres Csaba'),
(617, 'Csanády Alexandra'),
(618, 'Varga Lajos'),
(619, 'Zerk Kata'),
(620, 'Sebes Igor'),
(621, 'Hegedüs Dóra'),
(622, 'Vlad Mónika'),
(623, 'Kovács Gábor'),
(624, 'Váradi Zita'),
(625, 'Tóth Ágnes'),
(626, 'Kónya Ádám'),
(627, 'Pipás Endre'),
(628, 'Kaltenbrunner József'),
(629, 'Koródy Gábor'),
(630, 'Karsai Áron'),
(631, 'Nagy Ágost'),
(632, 'Jeszmás Péter'),
(633, 'Schulcz Károly'),
(634, 'Fehér Noémi'),
(635, 'Benkő Éva'),
(636, 'Kecskés Ottó'),
(637, 'Szolnoki Eszter'),
(638, 'Horváth Ágota'),
(639, 'Balogh Ákos'),
(640, 'Márkus Luca'),
(641, 'Monostori Bettina'),
(642, 'Dóka Nóra Judit'),
(643, 'Tóth Réka'),
(644, 'Szabó Anett'),
(645, 'Balogh Lili'),
(646, 'Kardos Ákos'),
(647, 'Kun István'),
(648, 'Farkas Vilmos'),
(649, 'Dócz Zsolt'),
(650, 'Zsolnai Boglárka'),
(651, 'Gyulai Flórián');
# vizsgák
INSERT INTO vizsga (id, datum, targy) VALUES
(1, '2007.01.19', 'Adatbázisok elmélete'),
(2, '2007.01.16', 'Szoftverfejlesztés'),
(3, '2006.12.20', 'Webtervezés'),
(4, '2006.12.28', 'Szoftverfejlesztés'),
(5, '2007.01.17', 'Fordítóprogramok'),
(6, '2006.12.22', 'Fordítóprogramok'),
(7, '2006.12.20', 'Logikai programozás'),
(8, '2007.01.18', 'Rendszerfejlesztés'),
(9, '2007.01.16', 'Tesztelési módszerek'),
(10, '2006.12.22', 'Assembly programozás'),
(11, '2007.01.15', 'Logikai programozás'),
(12, '2006.12.27', 'Optimalizálás'),
(13, '2007.01.11', 'Szoftverfejlesztés'),
(14, '2007.01.08', 'Operációs rendszerek'),
(15, '2007.01.26', 'Rendszerfejlesztés'),
(17, '2007.01.05', 'Dinamikus logika'),
(18, '2007.01.15', 'Formális nyelvek'),
(20, '2007.01.17', 'Szoftverfejlesztés'),
(22, '2007.01.05', 'Operációkutatás'),
(23, '2006.12.20', 'Optimalizálás'),
(24, '2007.01.18', 'Gépi tanulási módszerek'),
(25, '2007.01.05', 'Algoritmusok és adatszerkezetek'),
(26, '2007.01.25', 'Irányítástechnika'),
(27, '2006.12.20', 'Formális nyelvek'),
(29, '2006.12.28', 'Gépi tanulási módszerek'),
(32, '2007.01.22', 'Gépi tanulási módszerek'),
(33, '2007.01.11', 'Irányítástechnika'),
(34, '2007.01.17', 'Operációkutatás'),
(35, '2007.01.23', 'Fordítóprogramok'),
(36, '2007.01.22', 'Adatbázisok'),
(37, '2007.01.04', 'Dinamikus logika'),
(38, '2006.12.28', 'Alkalmazás fejlesztés'),
(39, '2006.12.21', 'Rendszerfejlesztés'),
(40, '2007.01.24', 'Logika és alkalmazásai'),
(41, '2007.01.26', 'Operációkutatás'),
(42, '2007.01.03', 'Logika és alkalmazásai'),
(43, '2007.01.25', 'Adatbázisok'),
(44, '2007.01.16', 'Fordítóprogramok'),
(45, '2007.01.09', 'Operációs rendszerek'),
(46, '2007.01.12', 'Assembly programozás'),
(47, '2006.12.21', 'Programozási módszerek'),
(48, '2007.01.23', 'Adatbázisok elmélete'),
(49, '2007.01.23', 'Operációkutatás'),
(50, '2006.12.27', 'Logikai programozás'),
(51, '2007.01.15', 'Algoritmusok és adatszerkezetek'),
(52, '2007.01.02', 'Gazdaságinformatikai rendszerek'),
(54, '2007.01.03', 'Algoritmusok és adatszerkezetek'),
(55, '2006.12.28', 'Adatbázisok elmélete'),
(56, '2006.12.27', 'Irányítástechnika'),
(58, '2007.01.23', 'Operációs rendszerek'),
(59, '2007.01.25', 'Irányítástechnika'),
(60, '2007.01.03', 'Dinamikus logika'),
(61, '2007.01.19', 'Optimalizálás'),
(62, '2007.01.26', 'Gazdaságinformatikai rendszerek'),
(63, '2006.12.28', 'Mesterséges intelligencia'),
(64, '2007.01.23', 'Operációkutatás'),
(65, '2006.12.29', 'Gráfelméleti algoritmusok'),
(66, '2007.01.18', 'Digitális képfeldolgozás'),
(67, '2007.01.15', 'Mesterséges intelligencia'),
(68, '2007.01.12', 'Szoftvertesztelés alapjai'),
(69, '2007.01.24', 'Nemlineáris programozás'),
(70, '2007.01.05', 'Számítógép hálózatok'),
(71, '2007.01.08', 'Assembly programozás'),
(72, '2007.01.22', 'Algoritmusok és adatszerkezetek'),
(73, '2007.01.15', 'Fordítóprogramok'),
(74, '2006.12.20', 'Gépi tanulási módszerek'),
(75, '2007.01.02', 'Mesterséges intelligencia'),
(76, '2006.12.27', 'Szoftvertesztelés alapjai'),
(77, '2007.01.22', 'Rendszerfejlesztés'),
(78, '2006.12.19', 'Gépi tanulási módszerek'),
(79, '2007.01.08', 'Optimalizálás'),
(80, '2007.01.15', 'Térinformatika'),
(81, '2006.12.29', 'Szoftverfejlesztés'),
(82, '2007.01.25', 'Programozási módszerek'),
(84, '2006.12.19', 'IP alapú hálózatok'),
(85, '2006.12.20', 'Algoritmusok és adatszerkezetek'),
(86, '2007.01.11', 'Mesterséges intelligencia'),
(87, '2006.12.27', 'Logika és alkalmazásai'),
(88, '2007.01.11', 'Gráfelméleti algoritmusok'),
(89, '2007.01.10', 'Logikai programozás'),
(90, '2007.01.08', 'Irányítástechnika'),
(91, '2007.01.10', 'Számítógép hálózatok'),
(92, '2006.12.29', 'Operációs rendszerek'),
(93, '2007.01.02', 'Fordítóprogramok'),
(94, '2007.01.04', 'Térinformatika'),
(95, '2007.01.17', 'Logika és alkalmazásai'),
(96, '2007.01.12', 'Logika és alkalmazásai'),
(97, '2006.12.28', 'Gazdaságinformatikai rendszerek'),
(98, '2007.01.05', 'Szoftvertesztelés alapjai'),
(99, '2006.12.18', 'Gazdaságinformatikai rendszerek'),
(100, '2007.01.12', 'Logikai programozás'),
(102, '2006.12.20', 'Digitális képfeldolgozás'),
(103, '2007.01.03', 'Adatbázisok'),
(104, '2006.12.21', 'Operációkutatás'),
(105, '2006.12.18', 'Dinamikus logika'),
(106, '2007.01.10', 'Programrendszerek fejlesztése'),
(107, '2006.12.19', 'Számítógép hálózatok'),
(108, '2007.01.09', 'Gazdaságinformatikai rendszerek'),
(109, '2007.01.26', 'Programrendszerek fejlesztése'),
(110, '2007.01.25', 'Formális nyelvek'),
(111, '2007.01.18', 'Digitális képfeldolgozás'),
(112, '2007.01.03', 'Multimédia'),
(113, '2007.01.12', 'Tesztelési módszerek'),
(114, '2007.01.23', 'Fordítóprogramok'),
(116, '2007.01.04', 'Adatbázisok'),
(117, '2006.12.28', 'Dinamikus logika'),
(119, '2006.12.27', 'Gráfelméleti algoritmusok'),
(120, '2006.12.21', 'Algoritmusok és adatszerkezetek'),
(121, '2007.01.17', 'Gépi tanulási módszerek'),
(122, '2007.01.04', 'Számítógép hálózatok'),
(123, '2006.12.19', 'Fordítóprogramok'),
(124, '2006.12.29', 'Adatbázisok elmélete'),
(125, '2007.01.02', 'Szoftvertesztelés alapjai'),
(126, '2006.12.21', 'Optimalizálás'),
(127, '2007.01.17', 'Logikai programozás'),
(128, '2007.01.19', 'Programrendszerek fejlesztése'),
(129, '2007.01.22', 'Mesterséges intelligencia'),
(130, '2007.01.03', 'Térinformatika'),
(131, '2007.01.16', 'Algoritmusok és adatszerkezetek'),
(134, '2006.12.19', 'Számítógép hálózatok'),
(135, '2007.01.24', 'Formális nyelvek'),
(136, '2007.01.11', 'Szoftverfejlesztés'),
(137, '2006.12.21', 'Operációkutatás'),
(138, '2007.01.10', 'Gazdaságinformatikai rendszerek'),
(139, '2007.01.02', 'Logika és alkalmazásai'),
(140, '2007.01.16', 'Dinamikus logika'),
(141, '2007.01.12', 'Gépi tanulási módszerek'),
(142, '2006.12.18', 'Alkalmazás fejlesztés'),
(143, '2007.01.02', 'Multimédia'),
(144, '2006.12.28', 'Szoftvertesztelés alapjai'),
(145, '2007.01.02', 'Optimalizálás'),
(147, '2007.01.24', 'Tesztelési módszerek'),
(148, '2006.12.18', 'Formális nyelvek'),
(149, '2006.12.29', 'Alkalmazás fejlesztés'),
(150, '2007.01.05', 'Fordítóprogramok'),
(151, '2007.01.23', 'Programrendszerek fejlesztése'),
(153, '2007.01.24', 'Gráfelméleti algoritmusok'),
(154, '2007.01.02', 'Logikai programozás'),
(155, '2006.12.29', 'Rendszerfejlesztés'),
(156, '2007.01.10', 'Multimédia'),
(157, '2007.01.10', 'Gazdaságinformatikai rendszerek'),
(158, '2006.12.27', 'Dinamikus logika'),
(159, '2007.01.16', 'Tesztelési módszerek'),
(160, '2007.01.16', 'Programrendszerek fejlesztése'),
(161, '2007.01.25', 'Gazdaságinformatikai rendszerek'),
(162, '2007.01.15', 'Webtervezés'),
(163, '2007.01.15', 'Programrendszerek fejlesztése'),
(165, '2007.01.22', 'Rendszerfejlesztés'),
(166, '2007.01.04', 'Irányítástechnika'),
(167, '2007.01.26', 'Nemlineáris programozás'),
(168, '2006.12.22', 'Rendszerfejlesztés'),
(169, '2007.01.17', 'Gazdaságinformatikai rendszerek'),
(170, '2007.01.18', 'Digitális képfeldolgozás'),
(171, '2006.12.22', 'Tesztelési módszerek'),
(172, '2007.01.15', 'Tesztelési módszerek'),
(173, '2007.01.04', 'Gráfelméleti algoritmusok'),
(174, '2007.01.19', 'Számítógép hálózatok'),
(175, '2006.12.22', 'Játékelmélet'),
(176, '2006.12.28', 'Logikai programozás'),
(177, '2007.01.04', 'Alkalmazás fejlesztés'),
(178, '2007.01.12', 'Optimalizálás'),
(179, '2006.12.21', 'Programozási módszerek'),
(180, '2007.01.15', 'Logikai programozás'),
(181, '2007.01.10', 'Tesztelési módszerek'),
(182, '2006.12.28', 'Alkalmazás fejlesztés'),
(183, '2007.01.16', 'Mesterséges intelligencia'),
(184, '2007.01.26', 'Nemlineáris programozás'),
(185, '2007.01.17', 'IP alapú hálózatok'),
(187, '2007.01.08', 'Programrendszerek fejlesztése'),
(188, '2007.01.18', 'Szoftvertesztelés alapjai'),
(189, '2007.01.12', 'Mesterséges intelligencia'),
(190, '2006.12.21', 'Optimalizálás'),
(191, '2007.01.03', 'Operációs rendszerek'),
(192, '2006.12.29', 'Gazdaságinformatikai rendszerek'),
(194, '2006.12.19', 'Rendszerfejlesztés'),
(195, '2006.12.29', 'Adatbázisok elmélete'),
(196, '2007.01.08', 'Mesterséges intelligencia'),
(197, '2006.12.29', 'Térinformatika'),
(199, '2007.01.11', 'Multimédia'),
(200, '2007.01.12', 'Rendszerfejlesztés'),
(201, '2006.12.19', 'Operációkutatás'),
(202, '2007.01.12', 'Számítógép hálózatok'),
(203, '2006.12.29', 'Szoftverfejlesztés'),
(204, '2006.12.18', 'Multimédia'),
(205, '2007.01.02', 'Gépi tanulási módszerek'),
(207, '2006.12.20', 'Fordítóprogramok'),
(208, '2007.01.04', 'Fordítóprogramok'),
(209, '2006.12.18', 'Digitális képfeldolgozás'),
(210, '2007.01.22', 'Gráfelméleti algoritmusok'),
(211, '2006.12.28', 'Adatbázisok elmélete'),
(213, '2006.12.22', 'Formális nyelvek'),
(214, '2006.12.21', 'Digitális képfeldolgozás'),
(215, '2007.01.09', 'Operációkutatás'),
(219, '2007.01.22', 'Rendszerfejlesztés'),
(220, '2007.01.04', 'Gazdaságinformatikai rendszerek'),
(221, '2007.01.04', 'Operációs rendszerek'),
(222, '2007.01.08', 'Nemlineáris programozás'),
(223, '2007.01.09', 'Webtervezés'),
(224, '2006.12.21', 'Rendszerfejlesztés'),
(225, '2007.01.15', 'Szoftverfejlesztés'),
(226, '2007.01.24', 'Digitális képfeldolgozás'),
(227, '2007.01.05', 'Multimédia'),
(228, '2006.12.18', 'Operációs rendszerek'),
(229, '2007.01.11', 'Assembly programozás'),
(230, '2007.01.03', 'Adatbázisok'),
(231, '2007.01.23', 'Adatbázisok'),
(232, '2006.12.22', 'Programozási módszerek'),
(233, '2006.12.21', 'Logika és alkalmazásai'),
(234, '2007.01.16', 'Mesterséges intelligencia'),
(235, '2006.12.28', 'Optimalizálás'),
(236, '2007.01.16', 'Alkalmazás fejlesztés'),
(237, '2006.12.18', 'Mesterséges intelligencia'),
(238, '2006.12.19', 'Optimalizálás'),
(239, '2006.12.19', 'Számítógép hálózatok'),
(240, '2007.01.23', 'Digitális képfeldolgozás'),
(241, '2007.01.09', 'Dinamikus logika'),
(242, '2006.12.18', 'Algoritmusok és adatszerkezetek'),
(243, '2007.01.12', 'Webtervezés'),
(244, '2007.01.09', 'Fordítóprogramok'),
(245, '2007.01.19', 'Adatbázisok'),
(246, '2006.12.27', 'Gazdaságinformatikai rendszerek'),
(247, '2007.01.18', 'Gráfelméleti algoritmusok'),
(248, '2006.12.21', 'Adatbázisok elmélete'),
(249, '2006.12.19', 'Operációkutatás'),
(250, '2007.01.18', 'Nemlineáris programozás'),
(251, '2007.01.09', 'Gráfelméleti algoritmusok'),
(252, '2006.12.19', 'Tesztelési módszerek'),
(253, '2007.01.09', 'Assembly programozás'),
(254, '2006.12.20', 'Rendszerfejlesztés'),
(256, '2007.01.05', 'Adatbázisok elmélete'),
(257, '2007.01.24', 'Digitális képfeldolgozás'),
(259, '2007.01.16', 'Számítógép hálózatok'),
(260, '2007.01.23', 'Nemlineáris programozás'),
(261, '2007.01.05', 'Szoftvertesztelés alapjai'),
(262, '2007.01.04', 'Adatbázisok'),
(263, '2007.01.23', 'Optimalizálás'),
(264, '2007.01.26', 'Digitális képfeldolgozás'),
(265, '2007.01.24', 'Operációkutatás'),
(266, '2007.01.19', 'Térinformatika'),
(267, '2007.01.18', 'Logikai programozás'),
(268, '2007.01.24', 'Programrendszerek fejlesztése'),
(269, '2007.01.03', 'Assembly programozás'),
(270, '2006.12.27', 'Rendszerfejlesztés'),
(271, '2006.12.27', 'Gazdaságinformatikai rendszerek'),
(273, '2007.01.03', 'Programrendszerek fejlesztése'),
(274, '2007.01.03', 'Digitális képfeldolgozás'),
(276, '2006.12.29', 'Térinformatika'),
(277, '2006.12.22', 'Webtervezés'),
(278, '2007.01.25', 'Nemlineáris programozás'),
(279, '2006.12.19', 'Optimalizálás'),
(280, '2007.01.03', 'Térinformatika'),
(281, '2007.01.18', 'Irányítástechnika'),
(284, '2007.01.17', 'IP alapú hálózatok'),
(286, '2007.01.12', 'Rendszerfejlesztés'),
(287, '2006.12.21', 'Rendszerfejlesztés'),
(288, '2006.12.28', 'Adatbázisok elmélete'),
(289, '2007.01.22', 'Webtervezés'),
(290, '2007.01.03', 'Adatbázisok elmélete'),
(291, '2006.12.19', 'Programozási módszerek'),
(292, '2007.01.23', 'Webtervezés'),
(293, '2007.01.17', 'Szoftverfejlesztés'),
(294, '2006.12.21', 'Algoritmusok és adatszerkezetek'),
(295, '2007.01.23', 'Programozási módszerek'),
(296, '2007.01.25', 'Gépi tanulási módszerek'),
(297, '2007.01.02', 'Optimalizálás'),
(298, '2007.01.22', 'Digitális képfeldolgozás'),
(299, '2007.01.17', 'Programrendszerek fejlesztése'),
(300, '2007.01.12', 'Szoftvertesztelés alapjai'),
(301, '2007.01.17', 'Gazdaságinformatikai rendszerek'),
(303, '2007.01.19', 'Webtervezés'),
(304, '2007.01.11', 'Operációs rendszerek'),
(305, '2007.01.22', 'Optimalizálás'),
(306, '2007.01.15', 'Szoftverfejlesztés'),
(307, '2006.12.27', 'Dinamikus logika'),
(308, '2006.12.27', 'Formális nyelvek'),
(309, '2007.01.24', 'Assembly programozás'),
(310, '2007.01.02', 'Logika és alkalmazásai'),
(311, '2006.12.22', 'Gazdaságinformatikai rendszerek'),
(312, '2006.12.27', 'Dinamikus logika'),
(313, '2006.12.22', 'Digitális képfeldolgozás'),
(314, '2007.01.18', 'Algoritmusok és adatszerkezetek'),
(315, '2007.01.25', 'Szoftvertesztelés alapjai'),
(316, '2007.01.08', 'Irányítástechnika'),
(317, '2007.01.25', 'Nemlineáris programozás'),
(318, '2007.01.19', 'Rendszerfejlesztés'),
(319, '2007.01.02', 'Dinamikus logika'),
(320, '2006.12.19', 'Formális nyelvek'),
(322, '2007.01.11', 'Operációs rendszerek'),
(323, '2007.01.26', 'Programozási módszerek'),
(324, '2007.01.12', 'Operációs rendszerek'),
(325, '2006.12.18', 'Gazdaságinformatikai rendszerek'),
(326, '2006.12.19', 'Gráfelméleti algoritmusok'),
(327, '2007.01.17', 'Játékelmélet'),
(329, '2007.01.26', 'Logikai programozás'),
(330, '2006.12.21', 'Programozási módszerek'),
(331, '2007.01.04', 'Dinamikus logika'),
(332, '2007.01.25', 'Térinformatika'),
(333, '2007.01.25', 'Webtervezés'),
(334, '2007.01.10', 'Operációkutatás'),
(335, '2007.01.18', 'Szoftvertesztelés alapjai'),
(336, '2007.01.19', 'Rendszerfejlesztés'),
(337, '2006.12.19', 'Adatbázisok'),
(338, '2007.01.26', 'Alkalmazás fejlesztés'),
(339, '2007.01.08', 'Nemlineáris programozás'),
(341, '2006.12.18', 'Rendszerfejlesztés'),
(342, '2006.12.22', 'Gráfelméleti algoritmusok'),
(343, '2006.12.27', 'Szoftvertesztelés alapjai'),
(344, '2007.01.09', 'Digitális képfeldolgozás'),
(345, '2007.01.09', 'Programozási módszerek'),
(346, '2007.01.22', 'Tesztelési módszerek'),
(347, '2007.01.25', 'Térinformatika'),
(349, '2006.12.18', 'Térinformatika'),
(351, '2007.01.05', 'Formális nyelvek'),
(352, '2006.12.29', 'Mesterséges intelligencia'),
(353, '2007.01.05', 'Assembly programozás'),
(354, '2007.01.04', 'Szoftverfejlesztés'),
(355, '2007.01.05', 'Tesztelési módszerek'),
(356, '2007.01.22', 'Irányítástechnika'),
(357, '2007.01.26', 'Gráfelméleti algoritmusok'),
(358, '2007.01.17', 'Logika és alkalmazásai'),
(359, '2006.12.18', 'Operációkutatás'),
(360, '2007.01.22', 'Tesztelési módszerek'),
(361, '2007.01.16', 'Digitális képfeldolgozás'),
(362, '2007.01.25', 'Gazdaságinformatikai rendszerek'),
(363, '2006.12.20', 'Multimédia'),
(364, '2007.01.25', 'IP alapú hálózatok'),
(365, '2006.12.21', 'Multimédia'),
(366, '2006.12.18', 'Térinformatika'),
(367, '2007.01.18', 'Adatbázisok elmélete'),
(368, '2006.12.22', 'Tesztelési módszerek'),
(369, '2007.01.22', 'Algoritmusok és adatszerkezetek'),
(370, '2007.01.24', 'Logikai programozás'),
(371, '2007.01.11', 'Dinamikus logika'),
(372, '2006.12.19', 'Szoftverfejlesztés'),
(373, '2007.01.15', 'Operációs rendszerek'),
(374, '2007.01.15', 'Nemlineáris programozás'),
(375, '2006.12.29', 'Gráfelméleti algoritmusok'),
(376, '2007.01.26', 'Dinamikus logika'),
(378, '2007.01.08', 'Formális nyelvek'),
(379, '2007.01.17', 'Operációkutatás'),
(380, '2007.01.26', 'Szoftverfejlesztés'),
(381, '2006.12.20', 'IP alapú hálózatok'),
(382, '2007.01.02', 'Tesztelési módszerek'),
(384, '2006.12.18', 'Algoritmusok és adatszerkezetek'),
(385, '2007.01.09', 'Assembly programozás'),
(386, '2006.12.19', 'Szoftvertesztelés alapjai'),
(387, '2007.01.08', 'Fordítóprogramok'),
(388, '2007.01.23', 'Tesztelési módszerek'),
(389, '2007.01.19', 'Multimédia'),
(391, '2007.01.25', 'IP alapú hálózatok'),
(392, '2007.01.03', 'Formális nyelvek'),
(393, '2007.01.09', 'Adatbázisok elmélete'),
(394, '2007.01.19', 'IP alapú hálózatok'),
(395, '2006.12.18', 'Multimédia'),
(397, '2007.01.24', 'Dinamikus logika'),
(398, '2006.12.18', 'Adatbázisok elmélete'),
(399, '2007.01.22', 'Szoftverfejlesztés'),
(400, '2007.01.12', 'Mesterséges intelligencia'),
(402, '2007.01.09', 'IP alapú hálózatok'),
(403, '2007.01.23', 'Operációs rendszerek'),
(404, '2007.01.24', 'Szoftverfejlesztés'),
(405, '2006.12.18', 'Irányítástechnika'),
(407, '2007.01.17', 'Mesterséges intelligencia'),
(408, '2007.01.26', 'Adatbázisok elmélete'),
(409, '2007.01.19', 'Logika és alkalmazásai'),
(410, '2007.01.23', 'Assembly programozás'),
(411, '2007.01.11', 'Operációkutatás'),
(412, '2006.12.20', 'Gráfelméleti algoritmusok'),
(413, '2007.01.26', 'Algoritmusok és adatszerkezetek'),
(414, '2007.01.11', 'Nemlineáris programozás'),
(415, '2007.01.15', 'Gráfelméleti algoritmusok'),
(416, '2007.01.15', 'Rendszerfejlesztés'),
(417, '2006.12.29', 'Operációs rendszerek'),
(418, '2007.01.02', 'Alkalmazás fejlesztés'),
(419, '2007.01.26', 'Mesterséges intelligencia'),
(420, '2007.01.04', 'Dinamikus logika'),
(421, '2006.12.18', 'Logika és alkalmazásai'),
(422, '2006.12.20', 'Operációs rendszerek'),
(423, '2007.01.03', 'Multimédia'),
(424, '2007.01.16', 'Mesterséges intelligencia'),
(425, '2007.01.12', 'Programozási módszerek'),
(426, '2007.01.17', 'Nemlineáris programozás'),
(427, '2007.01.22', 'Assembly programozás'),
(429, '2006.12.29', 'Irányítástechnika'),
(430, '2007.01.16', 'Programrendszerek fejlesztése'),
(431, '2007.01.04', 'Assembly programozás'),
(432, '2007.01.12', 'Szoftvertesztelés alapjai'),
(433, '2007.01.11', 'Algoritmusok és adatszerkezetek'),
(434, '2007.01.09', 'Digitális képfeldolgozás'),
(435, '2007.01.11', 'Optimalizálás'),
(436, '2007.01.02', 'Játékelmélet'),
(437, '2007.01.02', 'Irányítástechnika'),
(438, '2007.01.18', 'Térinformatika'),
(439, '2006.12.20', 'Fordítóprogramok'),
(440, '2007.01.15', 'Térinformatika'),
(441, '2006.12.22', 'Logika és alkalmazásai'),
(442, '2006.12.28', 'Optimalizálás'),
(443, '2007.01.18', 'Logika és alkalmazásai'),
(444, '2007.01.03', 'Alkalmazás fejlesztés');
# jelentkezések
INSERT INTO jelentkezes (hallgatoid, vizsgaid, jeldatum, ledatum, igazolt, jegy) VALUES
(45,29,'2006.11.29',Null,0,'1'),
(314,190,'2006.11.29',Null,0,'1'),
(102,438,'2006.11.30',Null,0,'4'),
(237,147,'2006.11.30',Null,0,'1'),
(236,329,'2006.12.01',Null,0,'5'),
(329,394,'2006.12.01',Null,0,'3'),
(363,39,'2006.12.01',Null,0,'2'),
(165,140,'2006.12.02','2006.12.05',0,Null),
(395,256,'2006.12.03',Null,0,'4'),
(149,64,'2006.12.04',Null,0,'3'),
(435,242,'2006.12.04',Null,0,'2'),
(521,264,'2006.12.04',Null,0,'1'),
(638,356,'2006.12.04',Null,0,'1'),
(29,65,'2006.12.05',Null,0,'1'),
(124,189,'2006.12.05',Null,0,'1'),
(243,175,'2006.12.05',Null,0,'2'),
(346,346,'2006.12.05',Null,0,'3'),
(369,264,'2006.12.05','2006.12.07',0,Null),
(502,103,'2006.12.05',Null,0,Null),
(592,54,'2006.12.05',Null,0,'2'),
(639,442,'2006.12.05',Null,0,'2'),
(13,252,'2006.12.06','2006.12.09',0,Null),
(15,341,'2006.12.06',Null,-1,Null),
(196,369,'2006.12.06',Null,0,'1'),
(409,361,'2006.12.06',Null,0,'4'),
(461,6,'2006.12.06','2006.12.21',0,Null),
(582,120,'2006.12.06',Null,0,'1'),
(600,416,'2006.12.06',Null,0,'4'),
(93,223,'2006.12.07',Null,0,'1'),
(187,61,'2006.12.07','2006.12.11',0,Null),
(350,134,'2006.12.07',Null,0,'1'),
(478,65,'2006.12.07',Null,0,'1'),
(493,376,'2006.12.07',Null,0,'1'),
(518,400,'2006.12.07',Null,0,'2'),
(15,426,'2006.12.08',Null,0,'3'),
(43,252,'2006.12.08',Null,0,'3'),
(66,367,'2006.12.08',Null,0,'4'),
(89,220,'2006.12.08',Null,0,'5'),
(182,18,'2006.12.08',Null,-1,Null),
(196,97,'2006.12.08',Null,0,'2'),
(259,165,'2006.12.08','2006.12.19',0,Null),
(281,298,'2006.12.08',Null,0,'2'),
(290,230,'2006.12.08',Null,0,Null),
(300,357,'2006.12.08',Null,0,'2'),
(386,135,'2006.12.08',Null,0,'2'),
(158,354,'2006.12.09',Null,0,Null),
(188,389,'2006.12.09',Null,0,'1'),
(240,89,'2006.12.09',Null,0,'1'),
(291,289,'2006.12.09','2006.12.17',0,Null),
(631,201,'2006.12.09',Null,0,'1'),
(240,382,'2006.12.10',Null,0,'1'),
(291,112,'2006.12.10',Null,0,Null),
(337,418,'2006.12.10',Null,0,'1'),
(338,127,'2006.12.10',Null,0,'5'),
(400,356,'2006.12.10',Null,-1,Null),
(578,59,'2006.12.10',Null,0,'3'),
(606,34,'2006.12.10',Null,0,'1'),
(84,267,'2006.12.11','2006.12.13',0,Null),
(148,256,'2006.12.11',Null,0,'2'),
(315,211,'2006.12.11','2006.12.15',0,Null),
(427,55,'2006.12.11',Null,0,'4'),
(464,156,'2006.12.11',Null,0,'1'),
(524,69,'2006.12.11',Null,0,'4'),
(576,138,'2006.12.11','2006.12.17',0,Null),
(579,421,'2006.12.11',Null,0,'2'),
(34,395,'2006.12.12',Null,0,'3'),
(121,97,'2006.12.12','2006.12.24',0,Null),
(133,143,'2006.12.12','2006.12.13',0,Null),
(146,433,'2006.12.12','2006.12.16',0,Null),
(385,361,'2006.12.12',Null,0,'1'),
(605,366,'2006.12.12',Null,-1,Null),
(43,375,'2006.12.13','2006.12.15',0,Null),
(70,174,'2006.12.13',Null,0,'1'),
(85,411,'2006.12.13',Null,0,'4'),
(109,278,'2006.12.13','2006.12.14',0,Null),
(128,204,'2006.12.13',Null,0,'3'),
(135,171,'2006.12.13',Null,0,'1'),
(141,23,'2006.12.13',Null,0,'1'),
(149,249,'2006.12.13',Null,-1,Null),
(177,371,'2006.12.13',Null,0,Null),
(185,241,'2006.12.13',Null,0,'3'),
(189,141,'2006.12.13','2006.12.13',0,Null),
(205,40,'2006.12.13',Null,-1,Null),
(249,333,'2006.12.13',Null,0,'3'),
(265,60,'2006.12.13',Null,0,'1'),
(270,250,'2006.12.13',Null,0,'1'),
(379,34,'2006.12.13',Null,0,'1'),
(500,297,'2006.12.13',Null,0,'3'),
(516,368,'2006.12.13',Null,0,'2'),
(569,145,'2006.12.13',Null,0,'3'),
(583,426,'2006.12.13',Null,0,'3'),
(595,405,'2006.12.13',Null,0,'2'),
(631,32,'2006.12.13',Null,-1,Null),
(645,300,'2006.12.13',Null,0,'1'),
(17,59,'2006.12.14',Null,0,'3'),
(28,148,'2006.12.14',Null,0,'2'),
(85,250,'2006.12.14','2006.12.15',0,Null),
(89,26,'2006.12.14','2006.12.16',0,Null),
(104,393,'2006.12.14',Null,0,'2'),
(112,267,'2006.12.14',Null,0,'2'),
(117,398,'2006.12.14',Null,0,Null),
(146,421,'2006.12.14',Null,0,'4'),
(163,421,'2006.12.14',Null,-1,Null),
(165,40,'2006.12.14','2006.12.18',0,Null),
(165,243,'2006.12.14','2006.12.14',0,Null),
(178,65,'2006.12.14',Null,0,'3'),
(184,317,'2006.12.14',Null,-1,Null),
(199,154,'2006.12.14','2006.12.16',0,Null),
(205,97,'2006.12.14','2006.12.16',0,Null),
(207,180,'2006.12.14',Null,0,'3'),
(222,171,'2006.12.14',Null,0,'1'),
(240,280,'2006.12.14',Null,-1,Null),
(257,48,'2006.12.14',Null,0,'4'),
(285,44,'2006.12.14',Null,0,'3'),
(293,392,'2006.12.14',Null,-1,Null),
(293,222,'2006.12.14',Null,0,'3'),
(300,351,'2006.12.14','2006.12.17',0,Null),
(313,34,'2006.12.14',Null,0,'1'),
(315,260,'2006.12.14',Null,0,'3'),
(347,191,'2006.12.14',Null,0,'3'),
(365,263,'2006.12.14','2006.12.16',0,Null),
(368,336,'2006.12.14',Null,0,'3'),
(396,267,'2006.12.14',Null,0,'1'),
(400,280,'2006.12.14',Null,0,'3'),
(404,219,'2006.12.14',Null,-1,Null),
(433,440,'2006.12.14','2006.12.22',0,Null),
(438,191,'2006.12.14',Null,0,Null),
(458,51,'2006.12.14',Null,0,'5'),
(470,375,'2006.12.14',Null,0,'1'),
(477,288,'2006.12.14',Null,0,'2'),
(516,95,'2006.12.14',Null,0,'2'),
(542,148,'2006.12.14',Null,0,'2'),
(543,234,'2006.12.14',Null,0,'1'),
(544,233,'2006.12.14',Null,-1,Null),
(561,223,'2006.12.14',Null,-1,Null),
(573,435,'2006.12.14','2006.12.15',0,Null),
(610,153,'2006.12.14',Null,0,'2'),
(633,204,'2006.12.14',Null,-1,Null),
(640,34,'2006.12.14',Null,0,'2'),
(27,142,'2006.12.15',Null,0,'3'),
(34,326,'2006.12.15','2006.12.17',0,Null),
(54,273,'2006.12.15',Null,0,'1'),
(54,134,'2006.12.15',Null,0,'3'),
(62,68,'2006.12.15',Null,0,'4'),
(73,315,'2006.12.15','2006.12.15',0,Null),
(83,253,'2006.12.15',Null,0,'1'),
(92,141,'2006.12.15',Null,0,'1'),
(94,229,'2006.12.15',Null,0,'1'),
(109,286,'2006.12.15',Null,0,'4'),
(133,172,'2006.12.15','2006.12.17',0,Null),
(138,289,'2006.12.15',Null,0,'1'),
(141,182,'2006.12.15','2006.12.19',0,Null),
(171,297,'2006.12.15','2006.12.18',0,Null),
(187,74,'2006.12.15','2006.12.19',0,Null),
(209,287,'2006.12.15',Null,0,'1'),
(210,215,'2006.12.15',Null,0,'3'),
(235,384,'2006.12.15',Null,0,'4'),
(247,242,'2006.12.15',Null,0,Null),
(248,301,'2006.12.15',Null,0,'2'),
(256,311,'2006.12.15','2006.12.15',0,Null),
(260,421,'2006.12.15','2006.12.17',0,Null),
(276,202,'2006.12.15',Null,0,'1'),
(307,76,'2006.12.15',Null,0,'3'),
(325,431,'2006.12.15',Null,0,'1'),
(360,411,'2006.12.15','2006.12.18',0,Null),
(364,72,'2006.12.15',Null,0,Null),
(374,320,'2006.12.15',Null,0,'3'),
(386,99,'2006.12.15',Null,0,'1'),
(391,85,'2006.12.15','2006.12.16',0,Null),
(394,244,'2006.12.15',Null,0,'4'),
(402,194,'2006.12.15',Null,0,'1'),
(426,188,'2006.12.15',Null,0,'3'),
(440,114,'2006.12.15',Null,-1,Null),
(441,342,'2006.12.15',Null,0,'1'),
(441,97,'2006.12.15',Null,0,'4'),
(442,213,'2006.12.15','2006.12.16',0,Null),
(448,432,'2006.12.15','2006.12.15',0,Null),
(449,159,'2006.12.15',Null,0,'5'),
(464,402,'2006.12.15',Null,0,'4'),
(492,423,'2006.12.15',Null,0,'3'),
(514,119,'2006.12.15',Null,0,'3'),
(515,215,'2006.12.15','2006.12.15',0,Null),
(541,433,'2006.12.15',Null,0,'1'),
(580,238,'2006.12.15','2006.12.17',0,Null),
(582,257,'2006.12.15','2006.12.16',0,Null),
(601,400,'2006.12.15',Null,0,'2'),
(608,110,'2006.12.15','2006.12.18',0,Null),
(611,388,'2006.12.15',Null,0,'5'),
(623,415,'2006.12.15',Null,0,'3'),
(638,262,'2006.12.15',Null,0,Null),
(650,344,'2006.12.15',Null,0,'3'),
(14,421,'2006.12.16','2006.12.17',0,Null),
(20,17,'2006.12.16',Null,0,'2'),
(25,47,'2006.12.16',Null,0,'3'),
(41,183,'2006.12.16',Null,0,'4'),
(42,42,'2006.12.16',Null,-1,Null),
(46,379,'2006.12.16','2006.12.16',0,Null),
(48,358,'2006.12.16',Null,0,'1'),
(72,417,'2006.12.16','2006.12.18',0,Null),
(88,344,'2006.12.16',Null,0,'4'),
(89,343,'2006.12.16',Null,0,'1'),
(106,280,'2006.12.16','2006.12.20',0,Null),
(122,355,'2006.12.16',Null,0,'5'),
(122,298,'2006.12.16',Null,0,Null),
(147,197,'2006.12.16',Null,0,Null),
(147,96,'2006.12.16',Null,0,'1'),
(148,29,'2006.12.16',Null,0,'1'),
(153,327,'2006.12.16',Null,0,Null),
(159,308,'2006.12.16',Null,0,'1'),
(174,297,'2006.12.16',Null,0,'3'),
(176,190,'2006.12.16',Null,-1,Null),
(182,253,'2006.12.16',Null,0,'3'),
(186,208,'2006.12.16',Null,0,'3'),
(190,251,'2006.12.16',Null,0,'3'),
(196,70,'2006.12.16',Null,0,Null),
(202,77,'2006.12.16',Null,-1,Null),
(242,140,'2006.12.16','2006.12.20',0,Null),
(243,184,'2006.12.16',Null,0,'3'),
(245,381,'2006.12.16',Null,0,'1'),
(248,260,'2006.12.16',Null,0,'1'),
(273,366,'2006.12.16','2006.12.17',0,Null),
(292,291,'2006.12.16','2006.12.18',0,Null),
(332,352,'2006.12.16',Null,0,'2'),
(354,279,'2006.12.16',Null,0,'1'),
(359,298,'2006.12.16',Null,0,'1'),
(362,87,'2006.12.16','2006.12.18',0,Null),
(370,277,'2006.12.16',Null,0,'3'),
(371,47,'2006.12.16',Null,0,'3'),
(377,236,'2006.12.16',Null,0,'1'),
(400,100,'2006.12.16',Null,0,Null),
(403,141,'2006.12.16',Null,0,'2'),
(408,78,'2006.12.16',Null,0,'2'),
(427,398,'2006.12.16',Null,-1,Null),
(432,305,'2006.12.16','2006.12.17',0,Null),
(451,409,'2006.12.16',Null,0,'3'),
(459,63,'2006.12.16',Null,0,'1'),
(460,386,'2006.12.16',Null,-1,Null),
(463,320,'2006.12.16',Null,0,'1'),
(469,295,'2006.12.16',Null,0,'3'),
(538,362,'2006.12.16',Null,0,'2'),
(546,214,'2006.12.16',Null,0,'2'),
(566,159,'2006.12.16',Null,0,'2'),
(571,173,'2006.12.16',Null,-1,Null),
(590,196,'2006.12.16',Null,0,'1'),
(591,389,'2006.12.16',Null,0,'2'),
(592,47,'2006.12.16',Null,0,'2'),
(610,254,'2006.12.16',Null,0,'1'),
(611,237,'2006.12.16','2006.12.16',0,Null),
(613,18,'2006.12.16',Null,0,Null),
(614,195,'2006.12.16',Null,-1,Null),
(619,364,'2006.12.16',Null,0,'2'),
(625,159,'2006.12.16',Null,0,'3'),
(631,96,'2006.12.16',Null,0,'3'),
(633,116,'2006.12.16',Null,0,'2'),
(636,226,'2006.12.16','2006.12.18',0,Null),
(644,404,'2006.12.16',Null,0,'1'),
(6,62,'2006.12.17',Null,-1,Null),
(22,157,'2006.12.17',Null,0,'5'),
(42,54,'2006.12.17',Null,0,'1'),
(64,325,'2006.12.17',Null,0,'4'),
(65,444,'2006.12.17',Null,0,Null),
(69,58,'2006.12.17',Null,0,'4'),
(69,98,'2006.12.17',Null,-1,Null),
(75,357,'2006.12.17',Null,0,'4'),
(113,221,'2006.12.17',Null,0,'1'),
(114,215,'2006.12.17',Null,-1,Null),
(123,264,'2006.12.17',Null,-1,Null),
(126,355,'2006.12.17',Null,0,'3'),
(131,287,'2006.12.17',Null,0,'3'),
(138,365,'2006.12.17',Null,-1,Null),
(139,157,'2006.12.17',Null,0,'3'),
(142,66,'2006.12.17','2006.12.17',0,Null),
(143,439,'2006.12.17',Null,0,'2'),
(156,442,'2006.12.17','2006.12.20',0,Null),
(158,4,'2006.12.17',Null,0,'2'),
(158,51,'2006.12.17',Null,0,'1'),
(173,221,'2006.12.17',Null,0,'4'),
(185,54,'2006.12.17','2006.12.17',0,Null),
(190,210,'2006.12.17',Null,0,'1'),
(218,26,'2006.12.17',Null,0,'3'),
(231,32,'2006.12.17',Null,0,'3'),
(232,7,'2006.12.17',Null,0,'2'),
(270,385,'2006.12.17',Null,0,'4'),
(295,386,'2006.12.17',Null,0,Null),
(329,427,'2006.12.17',Null,0,'1'),
(330,130,'2006.12.17',Null,0,'1'),
(351,191,'2006.12.17','2006.12.18',0,Null),
(365,386,'2006.12.17',Null,0,'3'),
(367,322,'2006.12.17',Null,0,'5'),
(368,37,'2006.12.17',Null,0,'1'),
(387,75,'2006.12.17','2006.12.17',0,Null),
(391,365,'2006.12.17',Null,-1,Null),
(404,14,'2006.12.17','2006.12.17',0,Null),
(455,260,'2006.12.17',Null,0,'3'),
(459,429,'2006.12.17',Null,0,'2'),
(459,335,'2006.12.17',Null,0,Null),
(476,236,'2006.12.17',Null,0,'3'),
(503,13,'2006.12.17',Null,0,'4'),
(508,15,'2006.12.17',Null,0,'3'),
(508,369,'2006.12.17',Null,0,'5'),
(513,29,'2006.12.17','2006.12.22',0,Null),
(519,222,'2006.12.17',Null,0,'1'),
(563,100,'2006.12.17',Null,0,'4'),
(567,227,'2006.12.17','2006.12.17',0,Null),
(570,32,'2006.12.17',Null,0,'5'),
(572,388,'2006.12.17','2006.12.17',0,Null),
(577,99,'2006.12.17',Null,0,'1'),
(602,94,'2006.12.17',Null,0,'3'),
(623,139,'2006.12.17','2006.12.17',0,Null),
(624,79,'2006.12.17',Null,0,'1'),
(627,128,'2006.12.17',Null,0,'3'),
(630,104,'2006.12.17','2006.12.17',0,Null),
(649,210,'2006.12.17',Null,0,'5'),
(8,137,'2006.12.18',Null,0,'2'),
(15,35,'2006.12.18',Null,0,'1'),
(41,358,'2006.12.18',Null,0,'5'),
(91,245,'2006.12.18',Null,0,'4'),
(103,119,'2006.12.18',Null,0,'1'),
(104,264,'2006.12.18',Null,0,'2'),
(108,165,'2006.12.18',Null,0,Null),
(109,59,'2006.12.18',Null,0,'2'),
(118,179,'2006.12.18',Null,0,'3'),
(144,119,'2006.12.18',Null,0,'2'),
(145,37,'2006.12.18',Null,-1,Null),
(164,24,'2006.12.18',Null,0,'1'),
(175,414,'2006.12.18',Null,0,'1'),
(201,100,'2006.12.18','2006.12.19',0,Null),
(211,443,'2006.12.18',Null,-1,Null),
(229,310,'2006.12.18',Null,0,'3'),
(251,75,'2006.12.18',Null,0,Null),
(251,384,'2006.12.15','2006.12.17',0,Null),
(296,430,'2006.12.18',Null,0,'4'),
(297,421,'2006.12.16',Null,0,'3'),
(302,130,'2006.12.18',Null,0,'1'),
(322,125,'2006.12.18',Null,0,'4'),
(339,391,'2006.12.18',Null,0,'4'),
(350,412,'2006.12.18',Null,0,'4'),
(356,300,'2006.12.18',Null,0,'4'),
(358,165,'2006.12.18',Null,0,'3'),
(367,440,'2006.12.18',Null,0,'1'),
(377,130,'2006.12.18',Null,0,'2'),
(386,298,'2006.12.18',Null,0,'4'),
(406,259,'2006.12.18',Null,0,'1'),
(418,5,'2006.12.18',Null,0,'4'),
(422,384,'2006.12.17',Null,0,'2'),
(426,268,'2006.12.18','2006.12.23',0,Null),
(469,207,'2006.12.18',Null,0,'3'),
(483,97,'2006.12.18',Null,0,'3'),
(486,322,'2006.12.18',Null,0,'4'),
(506,399,'2006.12.18',Null,0,'1'),
(523,224,'2006.12.18','2006.12.18',0,Null),
(570,71,'2006.12.18',Null,0,'1'),
(577,288,'2006.12.18',Null,0,'3'),
(589,44,'2006.12.18','2006.12.18',0,Null),
(595,259,'2006.12.18',Null,0,'1'),
(603,63,'2006.12.18',Null,0,'1'),
(615,370,'2006.12.18',Null,0,'2'),
(631,312,'2006.12.18','2006.12.19',0,Null),
(637,330,'2006.12.18',Null,-1,Null),
(647,231,'2006.12.18',Null,0,'3'),
(5,112,'2006.12.19',Null,0,'1'),
(32,36,'2006.12.19',Null,0,'4'),
(33,140,'2006.12.19',Null,0,'3'),
(51,333,'2006.12.19','2006.12.21',0,Null),
(51,11,'2006.12.19','2006.12.19',0,Null),
(56,349,'2006.12.17',Null,0,'1'),
(74,421,'2006.12.17',Null,-1,Null),
(94,384,'2006.12.16','2006.12.17',0,Null),
(113,65,'2006.12.19','2006.12.21',0,Null),
(134,8,'2006.12.19',Null,0,'4'),
(151,222,'2006.12.19',Null,0,'1'),
(156,378,'2006.12.19',Null,0,'3'),
(159,323,'2006.12.19',Null,0,'3'),
(177,288,'2006.12.19','2006.12.20',0,Null),
(179,333,'2006.12.19',Null,0,'1'),
(182,35,'2006.12.19',Null,0,'3'),
(186,437,'2006.12.19',Null,0,'1'),
(202,251,'2006.12.19',Null,0,'1'),
(231,420,'2006.12.19','2006.12.20',0,Null),
(262,199,'2006.12.19',Null,0,'3'),
(266,107,'2006.12.18',Null,0,'2'),
(284,343,'2006.12.19',Null,-1,Null),
(302,170,'2006.12.19','2006.12.21',0,Null),
(306,148,'2006.12.17',Null,0,'2'),
(311,375,'2006.12.19',Null,0,'1'),
(332,86,'2006.12.19',Null,0,'2'),
(333,17,'2006.12.19',Null,0,'3'),
(348,307,'2006.12.19',Null,-1,Null),
(348,221,'2006.12.19',Null,-1,Null),
(351,148,'2006.12.17',Null,0,'1'),
(351,82,'2006.12.19','2006.12.20',0,Null),
(371,49,'2006.12.19',Null,0,'1'),
(377,334,'2006.12.19',Null,0,'5'),
(390,420,'2006.12.19',Null,0,'1'),
(433,232,'2006.12.19','2006.12.21',0,Null),
(453,408,'2006.12.19',Null,0,'3'),
(456,169,'2006.12.19',Null,0,'3'),
(460,309,'2006.12.19','2006.12.19',0,Null),
(475,42,'2006.12.19',Null,0,'4'),
(480,270,'2006.12.19',Null,0,Null),
(484,424,'2006.12.19',Null,0,'5'),
(501,434,'2006.12.19',Null,0,'1'),
(554,436,'2006.12.19',Null,0,'4'),
(554,380,'2006.12.19',Null,0,'1'),
(573,369,'2006.12.19',Null,0,'4'),
(588,358,'2006.12.19',Null,0,'3'),
(589,9,'2006.12.19',Null,0,'3'),
(1,209,'2006.12.17',Null,-1,Null),
(7,2,'2006.12.20','2006.12.20',0,Null),
(9,281,'2006.12.20',Null,0,'2'),
(18,58,'2006.12.20','2006.12.20',0,Null),
(21,237,'2006.12.17','2006.12.17',0,Null),
(38,154,'2006.12.20',Null,0,'1'),
(58,324,'2006.12.20',Null,0,'5'),
(60,127,'2006.12.20',Null,0,'1'),
(86,349,'2006.12.17',Null,0,Null),
(97,266,'2006.12.20','2006.12.24',0,Null),
(108,389,'2006.12.20',Null,0,'3'),
(116,393,'2006.12.20',Null,0,'3'),
(125,437,'2006.12.20',Null,0,'3'),
(153,35,'2006.12.20',Null,0,'3'),
(155,196,'2006.12.20',Null,0,'2'),
(164,85,'2006.12.19',Null,0,'2'),
(204,358,'2006.12.20','2006.12.20',0,Null),
(209,371,'2006.12.20',Null,-1,Null),
(264,112,'2006.12.20',Null,0,'3'),
(265,37,'2006.12.20',Null,0,'3'),
(293,190,'2006.12.20',Null,0,'2'),
(309,379,'2006.12.20',Null,0,'1'),
(310,145,'2006.12.20',Null,0,Null),
(313,235,'2006.12.20',Null,0,'1'),
(357,351,'2006.12.20','2006.12.21',0,Null),
(388,130,'2006.12.20','2007.01.01',0,Null),
(457,267,'2006.12.20',Null,0,'1'),
(458,77,'2006.12.20','2006.12.20',0,Null),
(466,159,'2006.12.20',Null,0,'2'),
(488,205,'2006.12.20',Null,0,'1'),
(490,127,'2006.12.20',Null,0,'4'),
(507,274,'2006.12.20','2006.12.21',0,Null),
(516,147,'2006.12.20',Null,0,'2'),
(518,280,'2006.12.20','2006.12.20',0,Null),
(522,318,'2006.12.20',Null,0,'1'),
(526,50,'2006.12.20','2006.12.20',0,Null),
(544,12,'2006.12.20',Null,0,'2'),
(569,268,'2006.12.20',Null,0,'1'),
(580,66,'2006.12.20',Null,0,'5'),
(600,195,'2006.12.20','2006.12.21',0,Null),
(625,79,'2006.12.20',Null,0,'2'),
(643,346,'2006.12.20',Null,0,'4'),
(4,299,'2006.12.21',Null,0,'1'),
(93,237,'2006.12.16',Null,0,'1'),
(105,421,'2006.12.17','2006.12.17',0,Null),
(129,266,'2006.12.21','2006.12.26',0,Null),
(130,145,'2006.12.21','2006.12.31',0,Null),
(133,359,'2006.12.17','2006.12.17',0,Null),
(157,276,'2006.12.21',Null,0,'5'),
(168,402,'2006.12.21',Null,0,'1'),
(209,148,'2006.12.16',Null,0,'1'),
(209,245,'2006.12.21',Null,0,Null),
(220,349,'2006.12.16',Null,-1,Null),
(261,33,'2006.12.21',Null,0,'3'),
(273,382,'2006.12.21',Null,0,'5'),
(281,13,'2006.12.21',Null,0,Null),
(329,345,'2006.12.21',Null,0,'3'),
(344,303,'2006.12.21',Null,0,'3'),
(354,141,'2006.12.21','2006.12.22',0,Null),
(405,214,'2006.12.18',Null,0,'1'),
(414,127,'2006.12.21',Null,0,'3'),
(416,330,'2006.12.18',Null,0,'5'),
(423,342,'2006.12.21',Null,0,'3'),
(507,376,'2006.12.21',Null,0,Null),
(509,117,'2006.12.21',Null,0,'2'),
(532,279,'2006.12.18','2006.12.18',0,Null),
(536,160,'2006.12.21',Null,0,'3'),
(540,39,'2006.12.19',Null,0,'4'),
(559,379,'2006.12.21','2006.12.25',0,Null),
(570,393,'2006.12.21','2006.12.23',0,Null),
(574,296,'2006.12.21',Null,0,'1'),
(579,77,'2006.12.21',Null,0,'3'),
(584,203,'2006.12.21',Null,0,'1'),
(589,88,'2006.12.21',Null,0,'1'),
(592,34,'2006.12.21',Null,0,'4'),
(599,412,'2006.12.19',Null,0,'1'),
(604,315,'2006.12.21','2006.12.24',0,Null),
(614,27,'2006.12.18',Null,0,'4'),
(617,93,'2006.12.21',Null,0,'1'),
(633,124,'2006.12.21','2006.12.28',0,Null),
(642,409,'2006.12.21',Null,-1,Null),
(644,327,'2006.12.21',Null,0,'2'),
(10,128,'2006.12.22',Null,0,'1'),
(18,60,'2006.12.22',Null,0,'1'),
(22,104,'2006.12.18',Null,0,'1'),
(25,280,'2006.12.22',Null,0,'1'),
(33,43,'2006.12.22',Null,0,'2'),
(43,20,'2006.12.22','2006.12.22',0,Null),
(65,367,'2006.12.22',Null,0,'1'),
(74,129,'2006.12.22',Null,0,'1'),
(99,98,'2006.12.22',Null,0,'2'),
(110,221,'2006.12.22',Null,0,'1'),
(124,125,'2006.12.22','2006.12.23',0,Null),
(124,372,'2006.12.16','2006.12.16',0,Null),
(128,349,'2006.12.15',Null,-1,Null),
(141,247,'2006.12.22',Null,0,'1'),
(143,392,'2006.12.22',Null,0,Null),
(150,171,'2006.12.20',Null,0,'3'),
(168,88,'2006.12.22',Null,0,'2'),
(198,134,'2006.12.17',Null,0,'3'),
(200,191,'2006.12.22',Null,0,'5'),
(222,266,'2006.12.22',Null,0,'4'),
(249,94,'2006.12.22',Null,0,'1'),
(249,378,'2006.12.22',Null,0,'1'),
(263,341,'2006.12.15','2006.12.15',0,Null),
(270,185,'2006.12.22',Null,0,'5'),
(278,79,'2006.12.22',Null,0,'1'),
(348,395,'2006.12.17',Null,0,'1'),
(366,334,'2006.12.22',Null,0,'3'),
(372,243,'2006.12.22','2007.01.01',0,Null),
(379,90,'2006.12.22',Null,0,'1'),
(381,261,'2006.12.22',Null,0,'1'),
(416,232,'2006.12.21',Null,0,'4'),
(424,227,'2006.12.22','2006.12.22',0,Null),
(440,431,'2006.12.22',Null,0,'3'),
(454,297,'2006.12.22',Null,0,'4'),
(458,262,'2006.12.22',Null,0,'1'),
(466,323,'2006.12.22',Null,0,'3'),
(467,295,'2006.12.22',Null,0,'1'),
(501,127,'2006.12.22',Null,0,'1'),
(543,368,'2006.12.20',Null,0,'1'),
(556,270,'2006.12.22',Null,0,'3'),
(558,98,'2006.12.22',Null,0,'2'),
(561,32,'2006.12.22',Null,0,'4'),
(572,14,'2006.12.22',Null,0,'2'),
(575,66,'2006.12.22',Null,0,'3'),
(606,296,'2006.12.22',Null,0,'3'),
(613,301,'2006.12.22',Null,-1,Null),
(619,6,'2006.12.19',Null,0,'3'),
(629,33,'2006.12.22',Null,0,'4'),
(631,157,'2006.12.22','2006.12.22',0,Null),
(635,361,'2006.12.22',Null,0,'2'),
(650,32,'2006.12.22','2006.12.23',0,Null),
(2,438,'2006.12.23',Null,0,'3'),
(10,260,'2006.12.23',Null,-1,Null),
(11,398,'2006.12.16',Null,-1,Null),
(16,45,'2006.12.23','2006.12.24',0,Null),
(16,204,'2006.12.17',Null,0,'3'),
(22,72,'2006.12.23',Null,0,'2'),
(38,20,'2006.12.23',Null,0,'5'),
(72,320,'2006.12.16',Null,0,'1'),
(140,22,'2006.12.23',Null,-1,Null),
(142,192,'2006.12.23',Null,0,'3'),
(161,95,'2006.12.23',Null,0,Null),
(166,370,'2006.12.23',Null,0,'1'),
(184,84,'2006.12.18',Null,0,'3'),
(207,410,'2006.12.23',Null,0,'4'),
(214,107,'2006.12.16','2006.12.18',0,Null),
(222,3,'2006.12.18',Null,0,'4'),
(233,48,'2006.12.23',Null,0,'3'),
(239,156,'2006.12.23',Null,-1,Null),
(250,300,'2006.12.23',Null,0,'1'),
(258,365,'2006.12.18',Null,0,'4'),
(267,94,'2006.12.23',Null,0,'4'),
(273,142,'2006.12.16',Null,0,'2'),
(313,430,'2006.12.23','2006.12.25',0,Null),
(322,154,'2006.12.23',Null,0,'1'),
(326,368,'2006.12.20','2006.12.20',0,Null),
(335,416,'2006.12.23',Null,-1,Null),
(342,389,'2006.12.23',Null,0,'1'),
(344,412,'2006.12.17',Null,0,'2'),
(348,86,'2006.12.23','2006.12.25',0,Null),
(407,307,'2006.12.23',Null,-1,Null),
(416,420,'2006.12.23',Null,0,'1'),
(418,128,'2006.12.23',Null,0,Null),
(430,409,'2006.12.23',Null,0,'2'),
(440,54,'2006.12.23',Null,0,'4'),
(444,337,'2006.12.18',Null,0,'1'),
(465,74,'2006.12.18',Null,0,'3'),
(466,203,'2006.12.23','2006.12.26',0,Null),
(508,90,'2006.12.23',Null,0,'2'),
(511,38,'2006.12.23',Null,0,'4'),
(543,330,'2006.12.20',Null,0,'4'),
(546,9,'2006.12.23',Null,0,'1'),
(560,165,'2006.12.23',Null,0,'2'),
(563,423,'2006.12.23',Null,0,'1'),
(590,257,'2006.12.23',Null,0,'2'),
(622,203,'2006.12.23',Null,0,'2'),
(630,268,'2006.12.23',Null,0,'2'),
(631,90,'2006.12.23','2006.12.26',0,Null),
(651,375,'2006.12.23',Null,0,'3'),
(2,330,'2006.12.18',Null,0,'3'),
(5,34,'2006.12.24',Null,0,'3'),
(7,316,'2006.12.24',Null,-1,Null),
(22,261,'2006.12.24',Null,0,'5'),
(34,222,'2006.12.24',Null,0,'1'),
(44,153,'2006.12.24',Null,0,'4'),
(50,432,'2006.12.24',Null,-1,Null),
(60,87,'2006.12.24',Null,0,'4'),
(67,134,'2006.12.17',Null,0,'4'),
(71,427,'2006.12.24',Null,0,'1'),
(71,2,'2006.12.24','2006.12.25',0,Null),
(94,235,'2006.12.24',Null,0,'2'),
(94,80,'2006.12.24',Null,0,'5'),
(103,389,'2006.12.24','2006.12.25',0,Null),
(104,104,'2006.12.19',Null,0,'1'),
(126,429,'2006.12.24',Null,0,'3'),
(141,360,'2006.12.24',Null,0,'4'),
(145,4,'2006.12.24',Null,0,'4'),
(165,14,'2006.12.24',Null,0,'1'),
(165,78,'2006.12.17',Null,0,'1'),
(170,211,'2006.12.24',Null,0,'5'),
(197,410,'2006.12.24',Null,0,'4'),
(208,38,'2006.12.24','2006.12.26',0,Null),
(210,11,'2006.12.24',Null,-1,Null),
(211,44,'2006.12.24',Null,0,'3'),
(227,236,'2006.12.24',Null,0,'5'),
(236,51,'2006.12.24',Null,0,'1'),
(247,20,'2006.12.24','2006.12.25',0,Null),
(249,384,'2006.12.16',Null,0,'1'),
(252,313,'2006.12.20',Null,0,'2'),
(254,172,'2006.12.24',Null,0,'1'),
(255,237,'2006.12.17',Null,0,'2'),
(256,389,'2006.12.24',Null,0,'4'),
(265,55,'2006.12.24',Null,0,'5'),
(281,42,'2006.12.24','2006.12.28',0,Null),
(302,8,'2006.12.24','2006.12.26',0,Null),
(306,384,'2006.12.17',Null,0,'3'),
(336,270,'2006.12.24',Null,0,'1'),
(354,277,'2006.12.19',Null,0,Null),
(361,394,'2006.12.24',Null,0,'2'),
(375,155,'2006.12.24','2006.12.25',0,Null),
(377,168,'2006.12.20',Null,0,'1'),
(377,381,'2006.12.18','2006.12.19',0,Null),
(390,208,'2006.12.24',Null,0,'2'),
(390,367,'2006.12.24',Null,0,'1'),
(395,199,'2006.12.24',Null,0,'2'),
(396,343,'2006.12.24','2006.12.25',0,Null),
(402,76,'2006.12.24',Null,0,'3'),
(414,45,'2006.12.24',Null,0,'3'),
(416,324,'2006.12.24',Null,0,'3'),
(421,369,'2006.12.24',Null,0,'1'),
(423,123,'2006.12.17',Null,-1,Null),
(433,73,'2006.12.24',Null,0,'1'),
(447,162,'2006.12.24',Null,0,Null),
(448,219,'2006.12.24',Null,0,Null),
(452,220,'2006.12.24','2007.01.02',0,Null),
(462,385,'2006.12.24',Null,0,'4'),
(471,91,'2006.12.24',Null,0,'2'),
(475,252,'2006.12.16',Null,0,'2'),
(481,358,'2006.12.24','2006.12.24',0,Null),
(486,387,'2006.12.24',Null,0,'2'),
(487,202,'2006.12.24',Null,0,'2'),
(516,336,'2006.12.24',Null,-1,Null),
(528,343,'2006.12.24',Null,0,'4'),
(541,97,'2006.12.24','2006.12.25',0,Null),
(553,332,'2006.12.24',Null,0,'2'),
(558,138,'2006.12.24',Null,0,'3'),
(583,433,'2006.12.24',Null,-1,Null),
(592,126,'2006.12.18',Null,0,'1'),
(600,259,'2006.12.24',Null,0,'1'),
(601,344,'2006.12.24',Null,0,'1'),
(613,239,'2006.12.17',Null,0,'5'),
(615,345,'2006.12.24',Null,0,'2'),
(621,34,'2006.12.24',Null,0,'3'),
(12,319,'2006.12.25',Null,0,'2'),
(20,308,'2006.12.25',Null,0,'1'),
(23,346,'2006.12.25',Null,0,'4'),
(30,310,'2006.12.25',Null,0,'3'),
(36,308,'2006.12.25',Null,0,Null),
(64,86,'2006.12.25',Null,0,'4'),
(73,179,'2006.12.20',Null,-1,Null),
(101,346,'2006.12.25','2006.12.25',0,Null),
(109,292,'2006.12.25',Null,0,'4'),
(141,105,'2006.12.15',Null,0,'3'),
(172,126,'2006.12.19',Null,0,'1'),
(178,379,'2006.12.25',Null,0,'2'),
(183,144,'2006.12.25','2006.12.25',0,Null),
(188,320,'2006.12.18',Null,0,Null),
(221,415,'2006.12.25',Null,0,Null),
(229,189,'2006.12.25','2006.12.27',0,Null),
(241,342,'2006.12.21','2006.12.21',0,Null),
(246,303,'2006.12.25',Null,0,'1'),
(248,320,'2006.12.16',Null,-1,Null),
(277,106,'2006.12.25',Null,0,'1'),
(280,187,'2006.12.25','2006.12.26',0,Null),
(288,409,'2006.12.25',Null,0,'3'),
(297,4,'2006.12.25',Null,0,'2'),
(310,304,'2006.12.25',Null,0,'2'),
(326,245,'2006.12.25',Null,0,'3'),
(342,421,'2006.12.15',Null,0,'3'),
(380,316,'2006.12.25',Null,0,'1'),
(382,266,'2006.12.25',Null,0,'2'),
(385,130,'2006.12.25',Null,-1,Null),
(387,308,'2006.12.25',Null,-1,Null),
(392,166,'2006.12.25',Null,0,'3'),
(398,278,'2006.12.25',Null,0,'2'),
(423,207,'2006.12.18',Null,0,'3'),
(428,419,'2006.12.25',Null,0,Null),
(436,141,'2006.12.25','2006.12.25',0,Null),
(444,209,'2006.12.17',Null,0,'3'),
(447,32,'2006.12.25',Null,0,'1'),
(453,442,'2006.12.25',Null,0,'3'),
(488,71,'2006.12.25','2006.12.26',0,Null),
(495,333,'2006.12.25',Null,0,'2'),
(508,364,'2006.12.25',Null,0,'3'),
(536,232,'2006.12.20',Null,0,Null),
(547,197,'2006.12.25',Null,0,'4'),
(548,211,'2006.12.25',Null,-1,Null),
(557,104,'2006.12.20',Null,0,'2'),
(563,303,'2006.12.25','2006.12.26',0,Null),
(567,327,'2006.12.25',Null,0,'3'),
(570,224,'2006.12.20',Null,0,'1'),
(575,225,'2006.12.25',Null,0,'3'),
(578,378,'2006.12.25','2006.12.30',0,Null),
(593,32,'2006.12.25',Null,0,'1'),
(594,107,'2006.12.17',Null,0,'1'),
(595,292,'2006.12.25',Null,0,'2'),
(610,106,'2006.12.25',Null,0,'3'),
(624,432,'2006.12.25',Null,0,'4'),
(625,26,'2006.12.25',Null,0,'3'),
(644,210,'2006.12.25','2006.12.25',0,Null),
(650,199,'2006.12.25','2006.12.26',0,Null),
(17,51,'2006.12.26','2006.12.26',0,Null),
(21,43,'2006.12.26',Null,0,'1'),
(27,189,'2006.12.26',Null,-1,Null),
(64,335,'2006.12.26',Null,0,'2'),
(110,278,'2006.12.26',Null,0,'1'),
(113,399,'2006.12.26',Null,0,'4'),
(124,54,'2006.12.26',Null,0,'3'),
(126,219,'2006.12.26','2006.12.27',0,Null),
(145,331,'2006.12.26','2007.01.01',0,Null),
(165,52,'2006.12.26',Null,0,'2'),
(180,291,'2006.12.17',Null,0,'2'),
(193,81,'2006.12.26','2006.12.27',0,Null),
(239,59,'2006.12.26',Null,0,'1'),
(242,68,'2006.12.26',Null,0,'1'),
(246,117,'2006.12.26',Null,0,'1'),
(246,26,'2006.12.26','2006.12.27',0,Null),
(255,11,'2006.12.26',Null,0,'2'),
(274,362,'2006.12.26',Null,0,'2'),
(284,388,'2006.12.26','2006.12.27',0,Null),
(288,167,'2006.12.26',Null,0,Null),
(310,159,'2006.12.26',Null,0,'1'),
(312,179,'2006.12.19',Null,0,'3'),
(318,88,'2006.12.26',Null,0,'3'),
(319,49,'2006.12.26','2007.01.09',0,Null),
(336,196,'2006.12.26','2006.12.28',0,Null),
(336,266,'2006.12.26',Null,0,'1'),
(377,416,'2006.12.26','2006.12.27',0,Null),
(391,269,'2006.12.26','2006.12.26',0,Null),
(399,170,'2006.12.26',Null,0,'1'),
(403,417,'2006.12.26',Null,0,'2'),
(417,210,'2006.12.26',Null,0,'2'),
(445,318,'2006.12.26',Null,0,'4'),
(449,20,'2006.12.26',Null,0,'3'),
(461,46,'2006.12.26',Null,0,'1'),
(478,196,'2006.12.26',Null,0,'4'),
(490,361,'2006.12.26',Null,0,'5'),
(532,85,'2006.12.17',Null,0,'5'),
(537,8,'2006.12.26',Null,0,'2'),
(624,352,'2006.12.26','2006.12.26',0,Null),
(638,411,'2006.12.26',Null,0,'3'),
(638,211,'2006.12.26',Null,0,'3'),
(11,154,'2006.12.27',Null,-1,Null),
(18,291,'2006.12.16',Null,0,'4'),
(33,334,'2006.12.27',Null,0,'1'),
(60,105,'2006.12.16','2006.12.16',0,Null),
(91,227,'2006.12.27',Null,0,'1'),
(99,166,'2006.12.27',Null,0,'1'),
(100,93,'2006.12.27',Null,0,'1'),
(112,284,'2006.12.27',Null,0,'4'),
(137,184,'2006.12.27',Null,0,Null),
(161,92,'2006.12.27',Null,0,'2'),
(190,221,'2006.12.27',Null,0,'1'),
(196,190,'2006.12.19',Null,0,'3'),
(213,355,'2006.12.27','2006.12.29',0,Null),
(218,349,'2006.12.15',Null,0,'3'),
(223,203,'2006.12.27','2006.12.27',0,Null),
(229,371,'2006.12.27',Null,0,'2'),
(231,124,'2006.12.27',Null,-1,Null),
(239,107,'2006.12.17',Null,0,'1'),
(252,228,'2006.12.16',Null,0,Null),
(256,180,'2006.12.27',Null,0,'1'),
(274,227,'2006.12.27',Null,0,'3'),
(290,73,'2006.12.27','2006.12.27',0,Null),
(290,126,'2006.12.18',Null,0,'1'),
(306,12,'2006.12.26','2006.12.26',0,Null),
(310,55,'2006.12.27',Null,-1,Null),
(311,260,'2006.12.27','2006.12.31',0,Null),
(314,444,'2006.12.27','2006.12.28',0,Null),
(320,141,'2006.12.27',Null,0,'1'),
(337,59,'2006.12.27',Null,0,'2'),
(410,66,'2006.12.27',Null,0,'2'),
(410,437,'2006.12.27','2006.12.29',0,Null),
(420,215,'2006.12.27',Null,0,'3'),
(428,429,'2006.12.27',Null,0,'1'),
(431,20,'2006.12.27',Null,0,'2'),
(444,387,'2006.12.27',Null,0,'2'),
(452,249,'2006.12.17',Null,0,'1'),
(466,126,'2006.12.19',Null,0,'4'),
(503,296,'2006.12.27','2006.12.28',0,Null),
(561,240,'2006.12.27',Null,0,'4'),
(566,9,'2006.12.27',Null,0,'4'),
(566,157,'2006.12.27',Null,0,'2'),
(568,169,'2006.12.27',Null,-1,Null),
(568,66,'2006.12.27',Null,0,Null),
(571,308,'2006.12.24',Null,0,'2'),
(588,87,'2006.12.24',Null,0,'3'),
(594,151,'2006.12.27',Null,0,'1'),
(606,85,'2006.12.19',Null,-1,Null),
(647,180,'2006.12.27',Null,0,'4'),
(649,7,'2006.12.17',Null,0,'3'),
(11,225,'2006.12.28','2007.01.03',0,Null),
(14,173,'2006.12.28',Null,0,'1'),
(31,313,'2006.12.19',Null,0,'5'),
(35,93,'2006.12.28',Null,0,'3'),
(44,305,'2006.12.28',Null,0,'1'),
(44,208,'2006.12.28',Null,0,'2'),
(52,42,'2006.12.28','2006.12.28',0,Null),
(57,7,'2006.12.17',Null,-1,Null),
(100,44,'2006.12.28',Null,0,'4'),
(105,203,'2006.12.28',Null,0,'4'),
(114,151,'2006.12.28',Null,0,'1'),
(128,410,'2006.12.28',Null,0,'3'),
(137,49,'2006.12.28',Null,0,'3'),
(138,277,'2006.12.21',Null,0,'4'),
(140,325,'2006.12.15',Null,0,Null),
(175,419,'2006.12.28','2006.12.28',0,Null),
(191,64,'2006.12.28',Null,0,'1'),
(218,363,'2006.12.17','2006.12.17',0,Null),
(219,287,'2006.12.20',Null,0,'2'),
(222,99,'2006.12.16',Null,0,'1'),
(253,64,'2006.12.28','2006.12.28',0,Null),
(272,323,'2006.12.28',Null,0,'4'),
(278,175,'2006.12.21',Null,0,Null),
(281,334,'2006.12.28',Null,0,'1'),
(290,312,'2006.12.25',Null,-1,Null),
(291,37,'2006.12.28',Null,0,'1'),
(309,119,'2006.12.25',Null,0,'1'),
(336,292,'2006.12.28',Null,0,'2'),
(356,165,'2006.12.28',Null,0,'4'),
(357,309,'2006.12.28',Null,0,'1'),
(360,49,'2006.12.28',Null,0,'2'),
(371,160,'2006.12.28',Null,0,'1'),
(384,50,'2006.12.24',Null,0,'5'),
(392,81,'2006.12.28',Null,0,'1'),
(401,141,'2006.12.28',Null,0,Null),
(403,268,'2006.12.28',Null,0,'3'),
(407,168,'2006.12.19',Null,0,'4'),
(414,271,'2006.12.25',Null,0,'3'),
(421,112,'2006.12.28',Null,-1,Null),
(428,94,'2006.12.28',Null,0,'2'),
(438,291,'2006.12.17',Null,0,'3'),
(442,278,'2006.12.28',Null,0,'1'),
(455,154,'2006.12.28',Null,0,Null),
(493,433,'2006.12.28',Null,0,'3'),
(495,344,'2006.12.28',Null,0,'3'),
(504,95,'2006.12.28',Null,0,'1'),
(505,398,'2006.12.16',Null,0,'1'),
(506,184,'2006.12.28',Null,0,'2'),
(510,32,'2006.12.28',Null,0,'3'),
(518,159,'2006.12.28',Null,0,'1'),
(529,415,'2006.12.28',Null,0,'1'),
(540,117,'2006.12.26',Null,-1,Null),
(541,10,'2006.12.21',Null,0,'5'),
(563,253,'2006.12.28',Null,0,'3'),
(638,365,'2006.12.20',Null,0,Null),
(642,338,'2006.12.28',Null,0,'1'),
(644,362,'2006.12.28',Null,0,Null),
(13,363,'2006.12.18','2006.12.18',0,Null),
(17,264,'2006.12.29','2006.12.31',0,Null),
(18,418,'2006.12.29',Null,0,'1'),
(19,303,'2006.12.29',Null,0,Null),
(20,39,'2006.12.18',Null,0,'1'),
(55,210,'2006.12.29',Null,0,'4'),
(65,129,'2006.12.29','2007.01.13',0,Null),
(70,24,'2006.12.29',Null,-1,Null),
(72,245,'2006.12.29',Null,0,'1'),
(78,246,'2006.12.24',Null,0,'2'),
(111,239,'2006.12.17',Null,0,'5'),
(130,417,'2006.12.26',Null,0,'2'),
(165,80,'2006.12.29',Null,0,'5'),
(187,376,'2006.12.29',Null,-1,Null),
(196,65,'2006.12.26',Null,0,'1'),
(207,7,'2006.12.17',Null,0,'2'),
(210,264,'2006.12.29',Null,0,'4'),
(227,122,'2006.12.29',Null,0,'2'),
(233,34,'2006.12.29',Null,0,Null),
(238,110,'2006.12.29',Null,0,'3'),
(287,178,'2006.12.29',Null,0,'5'),
(288,382,'2006.12.29',Null,0,'1'),
(295,359,'2006.12.15','2006.12.17',0,Null),
(299,280,'2006.12.29',Null,-1,Null),
(318,56,'2006.12.25',Null,0,Null),
(319,320,'2006.12.16',Null,0,'1'),
(338,239,'2006.12.18',Null,0,'5'),
(350,284,'2006.12.29','2007.01.02',0,Null),
(359,96,'2006.12.29',Null,0,'3'),
(362,249,'2006.12.18',Null,0,'1'),
(363,306,'2006.12.29',Null,0,'3'),
(380,268,'2006.12.29',Null,0,'3'),
(384,403,'2006.12.29',Null,0,'2'),
(403,227,'2006.12.29',Null,0,'4'),
(419,8,'2006.12.29',Null,0,Null),
(451,124,'2006.12.26',Null,0,Null),
(478,130,'2006.12.29',Null,0,'3'),
(496,253,'2006.12.29','2007.01.01',0,Null),
(503,441,'2006.12.20','2006.12.20',0,Null),
(504,221,'2006.12.29',Null,0,'2'),
(512,415,'2006.12.29',Null,0,'2'),
(516,249,'2006.12.16',Null,0,'1'),
(536,376,'2006.12.29',Null,0,Null),
(539,49,'2006.12.29','2007.01.01',0,Null),
(570,259,'2006.12.29','2007.01.01',0,Null),
(579,214,'2006.12.20','2006.12.20',0,Null),
(606,89,'2006.12.29',Null,-1,Null),
(611,395,'2006.12.17',Null,0,Null),
(619,81,'2006.12.26','2006.12.27',0,Null),
(622,181,'2006.12.29',Null,-1,Null),
(638,156,'2006.12.29',Null,0,'4'),
(643,43,'2006.12.29',Null,0,'3'),
(643,224,'2006.12.19',Null,0,'2'),
(648,199,'2006.12.29',Null,0,Null),
(649,134,'2006.12.17',Null,-1,Null),
(11,414,'2006.12.30','2006.12.30',0,Null),
(12,156,'2006.12.30',Null,0,'2'),
(28,259,'2006.12.30',Null,0,'3'),
(37,337,'2006.12.16',Null,0,'2'),
(68,347,'2006.12.30',Null,0,'3'),
(99,109,'2006.12.30',Null,0,'1'),
(99,72,'2006.12.30',Null,-1,Null),
(117,284,'2006.12.30',Null,0,'5'),
(132,59,'2006.12.30',Null,0,'2'),
(133,187,'2006.12.30',Null,0,'2'),
(136,233,'2006.12.19',Null,0,'2'),
(136,322,'2006.12.30',Null,0,'3'),
(138,310,'2006.12.30','2006.12.30',0,Null),
(182,192,'2006.12.27',Null,0,'3'),
(191,109,'2006.12.30',Null,0,Null),
(219,291,'2006.12.16',Null,0,'3'),
(225,113,'2006.12.30',Null,0,'3'),
(233,36,'2006.12.30',Null,0,Null),
(248,276,'2006.12.27',Null,0,Null),
(255,74,'2006.12.17',Null,0,'1'),
(289,330,'2006.12.20',Null,0,'4'),
(296,240,'2006.12.30',Null,0,Null),
(362,355,'2006.12.30',Null,0,'1'),
(370,72,'2006.12.30',Null,0,Null),
(372,144,'2006.12.27',Null,-1,Null),
(383,381,'2006.12.18',Null,0,'2'),
(384,79,'2006.12.30',Null,0,Null),
(412,142,'2006.12.16',Null,0,'1'),
(425,24,'2006.12.30',Null,0,'1'),
(468,295,'2006.12.30',Null,0,'2'),
(478,38,'2006.12.25',Null,0,'3'),
(481,122,'2006.12.30',Null,0,'4'),
(486,128,'2006.12.30',Null,0,'3'),
(487,273,'2006.12.30',Null,0,'4'),
(497,414,'2006.12.30','2006.12.31',0,Null),
(527,257,'2006.12.30',Null,0,'4'),
(537,79,'2006.12.30',Null,0,'2'),
(543,179,'2006.12.20','2006.12.20',0,Null),
(550,343,'2006.12.26',Null,-1,Null),
(596,324,'2006.12.30',Null,0,'1'),
(602,219,'2006.12.30','2007.01.02',0,Null),
(610,46,'2006.12.30','2006.12.30',0,Null),
(15,225,'2006.12.31',Null,0,'4'),
(35,47,'2006.12.18','2006.12.20',0,Null),
(45,47,'2006.12.19',Null,0,'1'),
(60,102,'2006.12.17',Null,0,'4'),
(67,353,'2006.12.31',Null,0,'4'),
(80,439,'2006.12.18','2006.12.19',0,Null),
(86,156,'2006.12.31',Null,0,'3'),
(87,419,'2006.12.31',Null,0,'3'),
(91,441,'2006.12.19','2006.12.20',0,Null),
(91,444,'2006.12.31','2006.12.31',0,Null),
(97,403,'2006.12.31',Null,0,'4'),
(102,418,'2006.12.31',Null,0,'1'),
(123,295,'2006.12.31',Null,0,'2'),
(135,341,'2006.12.16',Null,0,'5'),
(143,394,'2006.12.31',Null,0,'1'),
(158,277,'2006.12.21','2006.12.21',0,Null),
(161,382,'2006.12.31',Null,0,Null),
(168,419,'2006.12.31',Null,0,'3'),
(173,305,'2006.12.31',Null,0,'2'),
(180,223,'2006.12.31',Null,0,Null),
(206,35,'2006.12.31',Null,0,'1'),
(225,266,'2006.12.31',Null,0,'2'),
(232,37,'2006.12.31',Null,0,'4'),
(240,297,'2006.12.31',Null,0,'1'),
(247,5,'2006.12.31',Null,0,'2'),
(254,442,'2006.12.25',Null,0,'2'),
(255,418,'2006.12.31',Null,0,'5'),
(259,27,'2006.12.17',Null,0,'5'),
(272,231,'2006.12.31',Null,0,'2'),
(284,391,'2006.12.31',Null,0,'2'),
(285,55,'2006.12.25',Null,0,'4'),
(305,232,'2006.12.19',Null,0,'4'),
(310,354,'2006.12.31','2007.01.02',0,Null),
(319,223,'2006.12.31',Null,0,'3'),
(329,78,'2006.12.17',Null,0,'4'),
(341,346,'2006.12.31',Null,0,'3'),
(342,48,'2006.12.31',Null,0,Null),
(352,77,'2006.12.31',Null,0,'4'),
(361,128,'2006.12.31','2006.12.31',0,Null),
(372,155,'2006.12.26',Null,0,'5'),
(386,47,'2006.12.20',Null,0,'2'),
(411,230,'2006.12.31',Null,0,'3'),
(414,439,'2006.12.19',Null,0,'2'),
(425,90,'2006.12.31',Null,-1,Null),
(432,1,'2006.12.31',Null,0,'2'),
(443,42,'2006.12.31',Null,0,'3'),
(473,45,'2006.12.31',Null,0,'4'),
(481,408,'2006.12.31',Null,-1,Null),
(494,417,'2006.12.28',Null,0,'2'),
(500,153,'2006.12.31',Null,0,'1'),
(517,44,'2006.12.31',Null,0,'5'),
(531,150,'2006.12.31','2006.12.31',0,Null),
(536,165,'2006.12.31',Null,0,'2'),
(537,265,'2006.12.31',Null,-1,Null),
(543,423,'2006.12.31',Null,0,'4'),
(577,286,'2006.12.31','2007.01.06',0,Null),
(588,289,'2006.12.31',Null,0,'2'),
(591,243,'2006.12.31',Null,0,'4'),
(602,342,'2006.12.21','2006.12.21',0,Null),
(615,399,'2006.12.31','2007.01.02',0,Null),
(631,307,'2006.12.25','2006.12.25',0,Null),
(1,326,'2006.12.18','2006.12.18',0,Null),
(53,319,'2007.01.01','2007.01.01',0,Null),
(60,209,'2006.12.17',Null,0,'1'),
(63,162,'2007.01.01',Null,0,'4'),
(87,338,'2007.01.01',Null,0,'1'),
(106,60,'2007.01.01',Null,0,'4'),
(120,332,'2007.01.01','2007.01.02',0,Null),
(151,165,'2007.01.01',Null,0,'3'),
(158,147,'2007.01.01','2007.01.02',0,Null),
(169,119,'2006.12.24',Null,-1,Null),
(171,143,'2007.01.01',Null,-1,Null),
(179,191,'2007.01.01',Null,0,'2'),
(184,391,'2007.01.01',Null,0,'1'),
(187,423,'2007.01.01',Null,0,'2'),
(189,29,'2006.12.27','2006.12.27',0,Null),
(207,40,'2007.01.01',Null,0,'1'),
(227,412,'2006.12.17',Null,0,'2'),
(233,68,'2007.01.01',Null,0,'4'),
(237,440,'2007.01.01',Null,0,'4'),
(239,311,'2006.12.21',Null,0,'2'),
(267,404,'2007.01.01',Null,0,'2'),
(278,9,'2007.01.01',Null,0,'3'),
(294,157,'2007.01.01',Null,0,'1'),
(296,77,'2007.01.01',Null,0,'4'),
(309,286,'2007.01.01',Null,0,Null),
(331,253,'2007.01.01',Null,0,'3'),
(338,88,'2007.01.01','2007.01.05',0,Null),
(352,376,'2007.01.01','2007.01.04',0,Null),
(372,141,'2007.01.01',Null,-1,Null),
(392,144,'2006.12.26',Null,0,'5'),
(404,414,'2007.01.01',Null,0,'4'),
(413,162,'2007.01.01',Null,-1,Null),
(422,345,'2007.01.01',Null,-1,Null),
(425,417,'2006.12.26',Null,0,'4'),
(428,13,'2007.01.01','2007.01.01',0,Null),
(454,20,'2007.01.01',Null,0,'1'),
(459,435,'2007.01.01',Null,0,'4'),
(460,353,'2007.01.01','2007.01.02',0,Null),
(472,336,'2007.01.01',Null,0,'2'),
(473,429,'2006.12.26',Null,0,'2'),
(483,204,'2006.12.15',Null,0,'2'),
(501,268,'2007.01.01',Null,0,'2'),
(516,62,'2007.01.01',Null,0,'2'),
(517,50,'2006.12.24',Null,0,'2'),
(559,405,'2006.12.15',Null,0,Null),
(570,65,'2006.12.28',Null,0,'1'),
(593,236,'2007.01.01',Null,0,'4'),
(595,422,'2006.12.19',Null,0,'1'),
(602,33,'2007.01.01',Null,0,'4'),
(615,191,'2007.01.01',Null,0,'2'),
(647,366,'2006.12.17',Null,0,'3'),
(4,315,'2007.01.02',Null,0,'2'),
(18,189,'2007.01.02',Null,0,'5'),
(38,440,'2007.01.02','2007.01.02',0,Null),
(45,278,'2007.01.02',Null,0,'5'),
(55,386,'2006.12.17',Null,0,Null),
(60,81,'2006.12.27',Null,0,'3'),
(112,441,'2006.12.19',Null,0,'3'),
(118,184,'2007.01.02','2007.01.02',0,Null),
(155,158,'2006.12.25',Null,-1,Null),
(166,236,'2007.01.02',Null,-1,Null),
(196,147,'2007.01.02','2007.01.06',0,Null),
(205,190,'2006.12.19',Null,0,'2'),
(215,142,'2006.12.16',Null,0,'2'),
(230,317,'2007.01.02',Null,0,'2'),
(274,424,'2007.01.02',Null,0,'1'),
(279,100,'2007.01.02',Null,0,'2'),
(290,145,'2007.01.01',Null,0,'3'),
(297,413,'2007.01.02',Null,0,'4'),
(298,368,'2006.12.20','2006.12.21',0,Null),
(309,342,'2006.12.19',Null,0,'4'),
(335,88,'2007.01.02',Null,0,'1'),
(341,2,'2007.01.02',Null,0,'3'),
(348,110,'2007.01.02',Null,0,Null),
(357,431,'2007.01.02',Null,0,'5'),
(359,342,'2006.12.21',Null,0,'3'),
(383,378,'2007.01.02',Null,0,'4'),
(386,352,'2006.12.26',Null,-1,Null),
(411,431,'2007.01.02',Null,0,'4'),
(416,347,'2007.01.02',Null,0,'2'),
(429,210,'2007.01.02',Null,0,'3'),
(455,3,'2006.12.17',Null,0,Null),
(469,205,'2007.01.01',Null,0,'5'),
(471,52,'2006.12.31',Null,0,'5'),
(480,102,'2006.12.17',Null,0,'2'),
(501,240,'2007.01.02',Null,0,'2'),
(580,107,'2006.12.16',Null,0,'3'),
(598,33,'2007.01.02',Null,0,'2'),
(600,108,'2007.01.02',Null,0,'1'),
(609,426,'2007.01.02',Null,0,'5'),
(610,72,'2007.01.02',Null,0,'4'),
(622,62,'2007.01.02',Null,0,'4'),
(625,296,'2007.01.02',Null,0,'5'),
(634,66,'2007.01.02','2007.01.03',0,Null),
(642,418,'2006.12.30',Null,-1,Null),
(17,314,'2007.01.03','2007.01.05',0,Null),
(37,260,'2007.01.03',Null,-1,Null),
(38,23,'2006.12.19',Null,0,'3'),
(38,329,'2007.01.03',Null,0,'4'),
(84,211,'2006.12.26','2006.12.26',0,Null),
(86,442,'2006.12.27','2006.12.27',0,Null),
(87,312,'2006.12.25','2006.12.26',0,Null),
(98,5,'2007.01.03',Null,0,'5'),
(122,368,'2006.12.20',Null,0,'2'),
(158,331,'2007.01.03','2007.01.03',0,Null),
(166,179,'2006.12.19',Null,-1,Null),
(189,199,'2007.01.03',Null,0,'4'),
(203,67,'2007.01.03',Null,0,'2'),
(207,372,'2006.12.17',Null,0,'5'),
(210,370,'2007.01.03',Null,0,'3'),
(210,270,'2006.12.26',Null,0,'3'),
(217,241,'2007.01.03',Null,0,'5'),
(236,357,'2007.01.03',Null,0,'1'),
(284,182,'2006.12.25',Null,0,'3'),
(300,67,'2007.01.03',Null,0,'3'),
(323,407,'2007.01.03',Null,0,'5'),
(330,288,'2006.12.25',Null,0,'1'),
(340,47,'2006.12.18',Null,0,'4'),
(343,237,'2006.12.15',Null,-1,Null),
(351,347,'2007.01.03',Null,0,'2'),
(371,276,'2006.12.27',Null,0,'1'),
(412,409,'2007.01.03',Null,-1,Null),
(418,173,'2007.01.03','2007.01.03',0,Null),
(421,431,'2007.01.03',Null,-1,Null),
(439,417,'2006.12.27',Null,0,'2'),
(457,363,'2006.12.19',Null,0,'1'),
(519,224,'2006.12.20','2006.12.20',0,Null),
(521,90,'2007.01.03',Null,0,'2'),
(546,112,'2007.01.01',Null,0,'2'),
(552,343,'2006.12.24',Null,0,'1'),
(583,52,'2006.12.31',Null,0,'1'),
(637,2,'2007.01.03',Null,0,'1'),
(648,20,'2007.01.03',Null,-1,Null),
(22,55,'2006.12.25','2006.12.25',0,Null),
(33,51,'2007.01.04',Null,0,'1'),
(53,86,'2007.01.04',Null,0,'5'),
(94,155,'2006.12.26',Null,0,'1'),
(126,103,'2007.01.02',Null,0,'1'),
(129,86,'2007.01.04','2007.01.05',0,Null),
(154,210,'2007.01.04',Null,0,'4'),
(214,295,'2007.01.04',Null,0,'2'),
(241,151,'2007.01.04',Null,-1,Null),
(246,202,'2007.01.04','2007.01.04',0,Null),
(258,130,'2007.01.02',Null,0,'3'),
(272,313,'2006.12.21','2006.12.21',0,Null),
(304,123,'2006.12.16',Null,0,'3'),
(321,205,'2007.01.01',Null,0,'2'),
(330,6,'2006.12.21','2006.12.21',0,Null),
(330,75,'2007.01.01',Null,0,'2'),
(393,77,'2007.01.04',Null,0,'2'),
(398,135,'2007.01.04',Null,0,'2'),
(400,417,'2006.12.26',Null,0,'2'),
(414,165,'2007.01.04',Null,0,'2'),
(435,251,'2007.01.04','2007.01.06',0,Null),
(443,200,'2007.01.04',Null,0,'3'),
(450,140,'2007.01.04',Null,0,'5'),
(451,66,'2007.01.04',Null,0,'1'),
(511,421,'2006.12.16',Null,0,'3'),
(531,92,'2006.12.28',Null,0,'1'),
(534,237,'2006.12.16','2006.12.16',0,Null),
(536,202,'2007.01.04',Null,0,'4'),
(571,256,'2007.01.04',Null,0,'3'),
(572,326,'2006.12.18',Null,0,'3'),
(584,162,'2007.01.04',Null,0,'3'),
(584,343,'2006.12.24','2006.12.24',0,Null),
(598,161,'2007.01.04',Null,0,'4'),
(613,176,'2006.12.25',Null,0,'1'),
(618,432,'2007.01.04',Null,0,'1'),
(637,12,'2006.12.24',Null,0,'3'),
(644,224,'2006.12.20',Null,0,'2'),
(15,145,'2006.12.30',Null,-1,Null),
(17,120,'2006.12.20',Null,0,'1'),
(18,188,'2007.01.05',Null,0,'5'),
(41,68,'2007.01.05',Null,0,'4'),
(63,271,'2006.12.25',Null,0,'2'),
(71,8,'2007.01.05',Null,-1,Null),
(118,260,'2007.01.05',Null,0,'1'),
(119,300,'2007.01.05',Null,0,'5'),
(124,177,'2007.01.01',Null,0,'3'),
(133,68,'2007.01.05',Null,0,'2'),
(147,167,'2007.01.05',Null,0,'2'),
(150,268,'2007.01.05','2007.01.06',0,Null),
(167,61,'2007.01.05',Null,0,'1'),
(169,106,'2007.01.05',Null,0,'5'),
(172,351,'2007.01.02',Null,0,'2'),
(196,309,'2007.01.05',Null,0,'2'),
(227,148,'2006.12.15','2006.12.17',0,Null),
(276,3,'2006.12.19','2006.12.19',0,Null),
(302,286,'2007.01.05','2007.01.08',0,Null),
(328,107,'2006.12.18',Null,0,'1'),
(339,407,'2007.01.05','2007.01.05',0,Null),
(376,167,'2007.01.05',Null,0,'2'),
(390,171,'2006.12.20',Null,0,'1'),
(438,130,'2006.12.31',Null,0,'1'),
(443,288,'2006.12.25',Null,0,'1'),
(459,185,'2007.01.05',Null,0,'2'),
(468,442,'2006.12.27',Null,0,'1'),
(471,45,'2007.01.05',Null,0,'3'),
(476,331,'2007.01.03',Null,0,Null),
(524,45,'2007.01.05',Null,0,'3'),
(530,214,'2006.12.18',Null,0,'4'),
(554,315,'2007.01.05',Null,0,'4'),
(557,199,'2007.01.05','2007.01.08',0,Null),
(575,9,'2007.01.05','2007.01.07',0,Null),
(600,232,'2006.12.19',Null,-1,Null),
(640,141,'2007.01.05','2007.01.06',0,Null),
(26,374,'2007.01.06',Null,0,'1'),
(28,425,'2007.01.06',Null,0,'2'),
(29,142,'2006.12.17',Null,0,Null),
(30,62,'2007.01.06',Null,0,'1'),
(34,319,'2006.12.31',Null,0,'3'),
(45,71,'2007.01.06',Null,0,'1'),
(54,244,'2007.01.06',Null,0,'1'),
(68,360,'2007.01.06',Null,0,'1'),
(74,208,'2007.01.03',Null,0,'3'),
(88,326,'2006.12.17','2006.12.18',0,Null),
(118,251,'2007.01.06',Null,-1,Null),
(121,372,'2006.12.17','2006.12.17',0,Null),
(166,137,'2006.12.19','2006.12.19',0,Null),
(200,355,'2007.01.03','2007.01.04',0,Null),
(223,187,'2007.01.06',Null,0,'1'),
(269,117,'2006.12.27','2006.12.27',0,Null),
(276,249,'2006.12.18','2006.12.18',0,Null),
(293,231,'2007.01.06',Null,0,'1'),
(313,370,'2007.01.06',Null,0,'1'),
(316,107,'2006.12.17',Null,0,'1'),
(332,376,'2007.01.06',Null,0,'1'),
(341,129,'2007.01.06','2007.01.13',0,Null),
(385,367,'2007.01.06','2007.01.06',0,Null),
(397,371,'2007.01.06',Null,0,'3'),
(428,395,'2006.12.16',Null,0,'1'),
(431,430,'2007.01.06',Null,0,'4'),
(480,312,'2006.12.24',Null,0,'1'),
(489,77,'2007.01.06',Null,0,'3'),
(492,303,'2007.01.06','2007.01.07',0,Null),
(511,79,'2007.01.06',Null,0,'2'),
(512,345,'2007.01.06',Null,-1,Null),
(518,228,'2006.12.17',Null,0,'1'),
(525,95,'2007.01.06',Null,0,'2'),
(536,2,'2007.01.06',Null,0,'4'),
(542,92,'2006.12.28',Null,0,'3'),
(552,179,'2006.12.19',Null,0,'3'),
(598,291,'2006.12.16',Null,0,'3'),
(599,75,'2007.01.01',Null,0,'3'),
(601,363,'2006.12.19',Null,0,'3'),
(616,17,'2007.01.02',Null,0,'3'),
(619,159,'2007.01.06',Null,-1,Null),
(640,276,'2006.12.27','2006.12.27',0,Null),
(11,252,'2006.12.18',Null,0,'4'),
(16,112,'2006.12.31',Null,0,'1'),
(32,107,'2006.12.18',Null,0,'4'),
(58,56,'2006.12.25',Null,0,'1'),
(61,214,'2006.12.18','2006.12.19',0,Null),
(95,347,'2007.01.07','2007.01.07',0,Null),
(112,103,'2006.12.31',Null,0,'3'),
(124,380,'2007.01.07',Null,0,'5'),
(136,355,'2007.01.02',Null,-1,Null),
(141,256,'2007.01.03',Null,-1,Null),
(144,141,'2007.01.07','2007.01.07',0,Null),
(162,379,'2007.01.07',Null,0,'4'),
(170,85,'2006.12.18',Null,0,'2'),
(188,309,'2007.01.07',Null,0,'2'),
(199,109,'2007.01.07',Null,0,'3'),
(214,315,'2007.01.07',Null,0,'3'),
(236,46,'2007.01.07',Null,-1,Null),
(261,349,'2006.12.16',Null,0,'2'),
(264,316,'2007.01.07','2007.01.07',0,Null),
(264,32,'2007.01.07',Null,0,'4'),
(296,274,'2007.01.02',Null,0,'4'),
(310,430,'2007.01.07',Null,0,'5'),
(310,91,'2007.01.07',Null,0,'1'),
(321,195,'2006.12.27',Null,0,'2'),
(325,238,'2006.12.18',Null,0,'1'),
(348,150,'2007.01.03',Null,0,'3'),
(350,317,'2007.01.07',Null,-1,Null),
(363,134,'2006.12.16',Null,0,'1'),
(366,153,'2007.01.07',Null,0,'3'),
(390,247,'2007.01.07',Null,0,'2'),
(407,194,'2006.12.17',Null,0,'2'),
(408,8,'2007.01.07',Null,0,'4'),
(411,405,'2006.12.17',Null,0,'4'),
(425,315,'2007.01.07',Null,0,'4'),
(426,246,'2006.12.25','2006.12.25',0,Null),
(427,378,'2007.01.07',Null,0,'2'),
(442,17,'2007.01.04',Null,0,'4'),
(455,342,'2006.12.19',Null,0,'2'),
(499,187,'2007.01.07',Null,0,Null),
(521,253,'2007.01.07',Null,0,'1'),
(524,247,'2007.01.07',Null,0,'3'),
(547,117,'2006.12.27','2006.12.27',0,Null),
(559,442,'2006.12.25',Null,0,'2'),
(572,346,'2007.01.07',Null,0,Null),
(576,192,'2006.12.26',Null,-1,Null),
(576,300,'2007.01.07',Null,0,'3'),
(582,298,'2007.01.07',Null,0,'1'),
(584,174,'2007.01.07','2007.01.10',0,Null),
(608,149,'2006.12.28','2006.12.28',0,Null),
(624,111,'2007.01.07',Null,0,'2'),
(625,345,'2007.01.07',Null,0,'2'),
(636,177,'2007.01.03',Null,0,'2'),
(650,86,'2007.01.07',Null,0,'3'),
(7,386,'2006.12.18',Null,0,'5'),
(15,121,'2007.01.08','2007.01.10',0,Null),
(16,343,'2006.12.26',Null,-1,Null),
(19,326,'2006.12.16',Null,0,Null),
(24,25,'2007.01.03',Null,0,'3'),
(40,15,'2007.01.08',Null,0,'4'),
(41,126,'2006.12.19','2006.12.20',0,Null),
(52,241,'2007.01.08',Null,0,'4'),
(65,281,'2007.01.08','2007.01.08',0,Null),
(88,371,'2007.01.08',Null,0,'5'),
(99,227,'2007.01.02',Null,0,Null),
(101,385,'2007.01.08',Null,0,Null),
(107,15,'2007.01.08','2007.01.11',0,Null),
(121,280,'2007.01.02',Null,0,'1'),
(129,45,'2007.01.08',Null,0,'2'),
(135,346,'2007.01.08',Null,0,'2'),
(137,13,'2007.01.08',Null,-1,Null),
(138,363,'2006.12.19','2006.12.19',0,Null),
(139,141,'2007.01.08',Null,0,'4'),
(160,178,'2007.01.08',Null,0,Null),
(165,336,'2007.01.08',Null,0,'4'),
(201,122,'2007.01.02','2007.01.02',0,Null),
(203,215,'2007.01.08',Null,0,'1'),
(204,116,'2007.01.03',Null,-1,Null),
(217,8,'2007.01.08',Null,0,'4'),
(219,371,'2007.01.08',Null,0,'5'),
(268,103,'2007.01.02','2007.01.02',0,Null),
(303,280,'2006.12.31',Null,0,'1'),
(307,41,'2007.01.08','2007.01.09',0,Null),
(324,241,'2007.01.08',Null,0,'2'),
(325,263,'2007.01.08',Null,-1,Null),
(340,355,'2007.01.04','2007.01.04',0,Null),
(371,336,'2007.01.08',Null,-1,Null),
(374,357,'2007.01.08',Null,0,'1'),
(380,189,'2007.01.08',Null,0,'2'),
(409,318,'2007.01.08',Null,0,'3'),
(447,33,'2007.01.08',Null,0,Null),
(466,386,'2006.12.16',Null,0,'3'),
(476,332,'2007.01.08',Null,0,'3'),
(485,50,'2006.12.26',Null,-1,Null),
(533,257,'2007.01.08',Null,-1,Null),
(544,337,'2006.12.17',Null,0,'2'),
(547,226,'2007.01.08',Null,0,'2'),
(603,52,'2006.12.30',Null,0,'3'),
(608,95,'2007.01.08',Null,0,'3'),
(623,409,'2007.01.08','2007.01.08',0,Null),
(624,409,'2007.01.08',Null,0,'1'),
(625,349,'2006.12.15',Null,0,'1'),
(649,104,'2006.12.18',Null,-1,Null),
(9,338,'2007.01.09',Null,0,'3'),
(9,210,'2007.01.09',Null,0,'2'),
(21,410,'2007.01.09','2007.01.13',0,Null),
(25,346,'2007.01.09',Null,0,'2'),
(25,96,'2007.01.09',Null,0,'2'),
(31,81,'2006.12.28',Null,0,'2'),
(44,180,'2007.01.09',Null,0,'1'),
(48,222,'2007.01.05',Null,0,'3'),
(94,355,'2007.01.02',Null,0,'4'),
(104,86,'2007.01.09',Null,0,'2'),
(107,254,'2006.12.19','2006.12.19',0,Null),
(118,197,'2006.12.26',Null,0,'5'),
(120,158,'2006.12.25','2006.12.26',0,Null),
(140,93,'2006.12.31',Null,0,'1'),
(201,294,'2006.12.18','2006.12.18',0,Null),
(208,368,'2006.12.19',Null,0,'3'),
(213,65,'2006.12.27',Null,0,Null),
(220,243,'2007.01.09','2007.01.11',0,Null),
(242,441,'2006.12.19',Null,0,'1'),
(247,150,'2007.01.02',Null,0,'5'),
(311,90,'2007.01.07',Null,0,'4'),
(311,308,'2006.12.25',Null,0,'1'),
(327,337,'2006.12.18',Null,0,'1'),
(365,45,'2007.01.07',Null,0,'3'),
(369,431,'2007.01.03','2007.01.03',0,Null),
(387,245,'2007.01.09',Null,0,Null),
(400,8,'2007.01.09',Null,-1,Null),
(409,375,'2006.12.27',Null,0,Null),
(442,411,'2007.01.09',Null,0,'4'),
(444,229,'2007.01.09',Null,-1,Null),
(445,23,'2006.12.18',Null,0,'1'),
(465,297,'2006.12.31','2007.01.01',0,Null),
(486,12,'2006.12.25',Null,0,'3'),
(498,92,'2006.12.28',Null,0,'5'),
(499,22,'2007.01.03',Null,0,'1'),
(571,329,'2007.01.09',Null,0,'2'),
(582,70,'2007.01.03',Null,0,'4'),
(599,354,'2007.01.03',Null,0,'3'),
(630,6,'2006.12.20',Null,-1,Null),
(9,102,'2006.12.17',Null,0,'4'),
(9,15,'2007.01.10',Null,0,'3'),
(26,52,'2006.12.31','2007.01.01',0,Null),
(92,273,'2007.01.02',Null,0,'1'),
(107,286,'2007.01.10',Null,0,'1'),
(126,422,'2006.12.17',Null,0,'2'),
(155,150,'2007.01.02',Null,-1,Null),
(211,22,'2007.01.02',Null,0,'2'),
(243,64,'2007.01.10','2007.01.10',0,Null),
(247,112,'2006.12.31',Null,0,'1'),
(254,145,'2007.01.01',Null,0,'2'),
(258,307,'2006.12.24',Null,0,'1'),
(271,45,'2007.01.08','2007.01.08',0,Null),
(272,347,'2007.01.10',Null,0,'4'),
(280,312,'2006.12.25',Null,0,'2'),
(285,268,'2007.01.10',Null,-1,Null),
(295,436,'2006.12.31',Null,0,'5'),
(303,353,'2007.01.02',Null,-1,Null),
(319,325,'2006.12.17',Null,0,'4'),
(328,382,'2006.12.30',Null,0,'2'),
(334,256,'2007.01.02',Null,0,'2'),
(335,356,'2007.01.10',Null,0,'3'),
(350,189,'2007.01.10','2007.01.10',0,Null),
(358,335,'2007.01.10',Null,0,'2'),
(368,246,'2006.12.25','2006.12.25',0,Null),
(384,352,'2006.12.27',Null,0,'4'),
(392,124,'2006.12.27',Null,-1,Null),
(441,317,'2007.01.10',Null,0,'4'),
(448,415,'2007.01.10','2007.01.10',0,Null),
(452,178,'2007.01.10',Null,0,'3'),
(484,114,'2007.01.10',Null,-1,Null),
(512,361,'2007.01.10',Null,0,'3'),
(522,408,'2007.01.10',Null,0,'4'),
(526,381,'2006.12.19',Null,0,'3'),
(540,266,'2007.01.10',Null,0,'1'),
(548,161,'2007.01.10',Null,0,'2'),
(557,50,'2006.12.24','2006.12.25',0,Null),
(568,70,'2007.01.02',Null,0,Null),
(574,369,'2007.01.10','2007.01.10',0,Null),
(575,277,'2006.12.20','2006.12.20',0,Null),
(586,191,'2006.12.31',Null,0,'1'),
(587,93,'2006.12.31',Null,0,'4'),
(627,330,'2006.12.20',Null,0,'5'),
(637,209,'2006.12.15','2006.12.17',0,Null),
(644,411,'2007.01.10',Null,0,'1'),
(20,157,'2007.01.07',Null,0,'4'),
(24,166,'2007.01.01',Null,0,'2'),
(43,150,'2007.01.03',Null,0,'5'),
(44,13,'2007.01.08',Null,0,Null),
(45,160,'2007.01.11',Null,0,'3'),
(67,355,'2007.01.02',Null,0,'4'),
(89,371,'2007.01.08',Null,0,'5'),
(89,204,'2006.12.15',Null,0,'4'),
(91,143,'2006.12.30','2007.01.01',0,Null),
(148,365,'2006.12.20','2006.12.20',0,Null),
(149,112,'2006.12.31','2006.12.31',0,Null),
(180,14,'2007.01.07',Null,0,'1'),
(211,298,'2007.01.11',Null,0,'4'),
(225,388,'2007.01.11',Null,0,'2'),
(243,317,'2007.01.11',Null,-1,Null),
(257,293,'2007.01.11',Null,0,'5'),
(260,165,'2007.01.11',Null,0,'2'),
(268,317,'2007.01.11',Null,0,'3'),
(278,354,'2007.01.02',Null,0,'2'),
(279,211,'2006.12.25',Null,-1,Null),
(287,359,'2006.12.16',Null,0,'2'),
(336,199,'2007.01.10',Null,0,'2'),
(342,416,'2007.01.11',Null,0,'2'),
(345,176,'2006.12.27',Null,-1,Null),
(379,161,'2007.01.11',Null,0,'5'),
(424,295,'2007.01.11',Null,0,'4'),
(426,34,'2007.01.11',Null,0,'1'),
(427,183,'2007.01.11',Null,0,'3'),
(428,60,'2006.12.31',Null,0,'3'),
(448,73,'2007.01.11',Null,-1,Null),
(450,99,'2006.12.16',Null,0,'3'),
(478,361,'2007.01.11','2007.01.11',0,Null),
(483,100,'2007.01.11',Null,0,'4'),
(497,437,'2006.12.31',Null,0,'1'),
(583,51,'2007.01.11','2007.01.11',0,Null),
(592,355,'2007.01.04',Null,0,'4'),
(611,197,'2006.12.28',Null,-1,Null),
(630,183,'2007.01.11',Null,0,'1'),
(630,224,'2006.12.19',Null,0,'3'),
(632,102,'2006.12.18',Null,0,Null),
(23,444,'2007.01.02',Null,0,'2'),
(25,131,'2007.01.12',Null,0,'3'),
(45,66,'2007.01.12','2007.01.14',0,Null),
(78,74,'2006.12.17',Null,0,'3'),
(91,181,'2007.01.07',Null,0,'1'),
(108,419,'2007.01.12',Null,0,'2'),
(127,378,'2007.01.05',Null,0,Null),
(134,149,'2006.12.28',Null,0,'3'),
(161,61,'2007.01.12',Null,0,'1'),
(179,59,'2007.01.12','2007.01.13',0,Null),
(190,63,'2006.12.26',Null,0,'4'),
(193,97,'2006.12.25',Null,0,Null),
(205,165,'2007.01.12',Null,0,'1'),
(226,55,'2006.12.27',Null,0,'2'),
(281,223,'2007.01.08',Null,0,'3'),
(285,291,'2006.12.18',Null,-1,Null),
(288,113,'2007.01.10',Null,0,'4'),
(332,100,'2007.01.10',Null,0,'5'),
(336,393,'2007.01.08','2007.01.08',0,Null),
(351,196,'2007.01.06','2007.01.06',0,Null),
(352,8,'2007.01.12',Null,0,'3'),
(391,236,'2007.01.12','2007.01.12',0,Null),
(404,39,'2006.12.20',Null,-1,Null),
(406,68,'2007.01.09',Null,0,'1'),
(424,55,'2006.12.26',Null,0,'1'),
(429,334,'2007.01.07',Null,0,'1'),
(438,82,'2007.01.12','2007.01.13',0,Null),
(480,50,'2006.12.25','2006.12.25',0,Null),
(484,242,'2006.12.16',Null,0,'1'),
(493,96,'2007.01.09',Null,0,'4'),
(495,90,'2007.01.06',Null,0,'3'),
(502,253,'2007.01.07',Null,-1,Null),
(534,303,'2007.01.12',Null,0,'4'),
(544,412,'2006.12.18',Null,0,'2'),
(592,119,'2006.12.26',Null,0,'2'),
(596,273,'2006.12.31',Null,0,'1'),
(596,382,'2006.12.30',Null,0,'4'),
(605,400,'2007.01.11',Null,0,'1'),
(626,280,'2006.12.31',Null,0,'1'),
(628,356,'2007.01.12',Null,0,'3'),
(631,437,'2006.12.31',Null,0,'2'),
(3,252,'2006.12.17',Null,0,'5'),
(38,355,'2007.01.04',Null,0,'1'),
(46,395,'2006.12.17','2006.12.17',0,Null),
(55,25,'2007.01.04','2007.01.04',0,Null),
(65,365,'2006.12.19',Null,0,'1'),
(84,356,'2007.01.13',Null,0,'5'),
(84,156,'2007.01.09','2007.01.09',0,Null),
(104,311,'2006.12.20',Null,0,'1'),
(120,78,'2006.12.17','2006.12.17',0,Null),
(124,226,'2007.01.13',Null,0,Null),
(149,298,'2007.01.13',Null,0,'3'),
(154,336,'2007.01.13',Null,0,'3'),
(163,71,'2007.01.05','2007.01.05',0,Null),
(188,273,'2007.01.01',Null,0,'4'),
(190,204,'2006.12.17',Null,0,'1'),
(194,63,'2006.12.27',Null,0,'4'),
(198,427,'2007.01.13',Null,0,'1'),
(228,371,'2007.01.08','2007.01.08',0,Null),
(234,361,'2007.01.13','2007.01.14',0,Null),
(245,405,'2006.12.16',Null,-1,Null),
(254,195,'2006.12.26',Null,0,'4'),
(256,175,'2006.12.20',Null,0,'1'),
(263,64,'2007.01.13','2007.01.13',0,Null),
(266,437,'2006.12.31',Null,0,'2'),
(282,110,'2007.01.13',Null,0,'1'),
(295,402,'2007.01.08',Null,0,'1'),
(302,80,'2007.01.13',Null,0,'2'),
(305,6,'2006.12.19','2006.12.20',0,Null),
(311,420,'2007.01.02',Null,0,'4'),
(341,125,'2007.01.01',Null,-1,Null),
(360,330,'2006.12.19',Null,0,'1'),
(379,426,'2007.01.13',Null,0,'1'),
(477,90,'2007.01.05','2007.01.05',0,Null),
(486,330,'2006.12.18','2006.12.19',0,Null),
(508,412,'2006.12.18',Null,-1,Null),
(517,194,'2006.12.18',Null,0,'2'),
(531,7,'2006.12.17',Null,0,'2'),
(532,75,'2006.12.31',Null,0,'2'),
(540,402,'2007.01.07',Null,0,'1'),
(541,54,'2006.12.31','2007.01.01',0,Null),
(544,211,'2006.12.27',Null,0,'4'),
(548,347,'2007.01.13',Null,0,'2'),
(559,357,'2007.01.13',Null,0,'1'),
(574,199,'2007.01.09',Null,0,'1'),
(579,69,'2007.01.13',Null,0,'4'),
(594,11,'2007.01.13','2007.01.14',0,Null),
(618,349,'2006.12.15',Null,0,'4'),
(618,382,'2006.12.31',Null,-1,Null),
(629,59,'2007.01.13',Null,0,'5'),
(635,300,'2007.01.10','2007.01.11',0,Null),
(636,381,'2006.12.18',Null,0,'4'),
(642,353,'2007.01.04',Null,0,'3'),
(646,387,'2007.01.05',Null,0,'5'),
(9,173,'2007.01.03','2007.01.03',0,Null),
(12,160,'2007.01.14',Null,0,'2'),
(46,365,'2006.12.20',Null,0,'2'),
(74,253,'2007.01.08',Null,0,'2'),
(91,289,'2007.01.14',Null,0,'2'),
(113,385,'2007.01.08',Null,0,'3'),
(128,77,'2007.01.14','2007.01.15',0,Null),
(133,267,'2007.01.14','2007.01.14',0,Null),
(135,290,'2007.01.02','2007.01.02',0,Null),
(142,419,'2007.01.14',Null,-1,Null),
(157,307,'2006.12.25',Null,0,'2'),
(164,399,'2007.01.14',Null,0,'4'),
(180,237,'2006.12.17',Null,-1,Null),
(200,43,'2007.01.14',Null,0,'5'),
(210,277,'2006.12.20',Null,0,'2'),
(212,423,'2007.01.01','2007.01.01',0,Null),
(213,195,'2006.12.27',Null,0,'5'),
(214,243,'2007.01.10',Null,0,'1'),
(229,346,'2007.01.14',Null,0,'1'),
(245,105,'2006.12.16',Null,0,'3'),
(265,141,'2007.01.11',Null,0,'2'),
(276,219,'2007.01.14',Null,-1,Null),
(297,210,'2007.01.14','2007.01.14',0,Null),
(303,189,'2007.01.11',Null,0,'1'),
(324,137,'2006.12.18',Null,0,Null),
(328,375,'2006.12.26',Null,0,'1'),
(341,149,'2006.12.28',Null,0,'5'),
(343,191,'2007.01.02',Null,0,'1'),
(346,166,'2007.01.01',Null,0,'2'),
(360,405,'2006.12.16',Null,0,'1'),
(390,6,'2006.12.19',Null,0,'2'),
(401,244,'2007.01.07',Null,0,'5'),
(415,195,'2006.12.26',Null,0,'5'),
(417,76,'2006.12.26','2006.12.26',0,Null),
(440,327,'2007.01.14',Null,0,'1'),
(446,270,'2006.12.26',Null,0,'2'),
(460,36,'2007.01.14',Null,0,'2'),
(467,424,'2007.01.14',Null,0,Null),
(489,192,'2006.12.28',Null,0,'4'),
(511,92,'2006.12.28','2006.12.28',0,Null),
(524,284,'2007.01.14',Null,0,'4'),
(538,266,'2007.01.14',Null,0,'5'),
(543,188,'2007.01.14',Null,0,'3'),
(546,56,'2006.12.25',Null,0,'2'),
(550,249,'2006.12.16','2006.12.16',0,Null),
(559,361,'2007.01.14',Null,-1,Null),
(586,171,'2006.12.19',Null,0,'1'),
(589,438,'2007.01.14',Null,0,'2'),
(595,352,'2006.12.26',Null,0,'2'),
(606,97,'2006.12.26',Null,-1,Null),
(609,35,'2007.01.14',Null,0,'1'),
(613,312,'2006.12.26','2006.12.26',0,Null),
(617,106,'2007.01.07','2007.01.08',0,Null),
(632,430,'2007.01.14',Null,0,'5'),
(634,84,'2006.12.18','2006.12.18',0,Null),
(644,386,'2006.12.17',Null,0,'1'),
(650,70,'2007.01.04',Null,0,'4'),
(14,329,'2007.01.15',Null,0,'1'),
(19,40,'2007.01.15',Null,0,'2'),
(23,387,'2007.01.05',Null,0,'4'),
(39,78,'2006.12.16','2006.12.18',0,Null),
(51,155,'2006.12.28',Null,0,'2'),
(72,126,'2006.12.19',Null,0,'1'),
(136,228,'2006.12.16','2006.12.16',0,Null),
(143,360,'2007.01.15',Null,0,'3'),
(149,3,'2006.12.18','2006.12.18',0,Null),
(189,175,'2006.12.21',Null,0,'1'),
(196,261,'2007.01.02',Null,-1,Null),
(203,309,'2007.01.15',Null,0,'2'),
(213,108,'2007.01.07',Null,0,'4'),
(228,248,'2006.12.18',Null,-1,Null),
(228,87,'2006.12.25',Null,0,'1'),
(242,143,'2006.12.31','2007.01.01',0,Null),
(246,64,'2007.01.15','2007.01.16',0,Null),
(246,2,'2007.01.15',Null,0,'2'),
(254,51,'2007.01.12',Null,0,'3'),
(261,374,'2007.01.12',Null,0,'1'),
(283,290,'2006.12.31',Null,0,'1'),
(283,64,'2007.01.15',Null,-1,Null),
(289,413,'2007.01.15',Null,0,Null),
(290,99,'2006.12.16',Null,-1,Null),
(290,175,'2006.12.21','2006.12.21',0,Null),
(292,220,'2007.01.02',Null,0,'1'),
(313,231,'2007.01.15',Null,0,'4'),
(324,100,'2007.01.10',Null,0,'3'),
(344,12,'2006.12.25',Null,0,'4'),
(356,331,'2007.01.03',Null,0,'2'),
(391,345,'2007.01.08',Null,-1,Null),
(397,110,'2007.01.15',Null,0,'3'),
(420,238,'2006.12.16','2006.12.16',0,Null),
(442,280,'2006.12.31',Null,0,'2'),
(471,154,'2006.12.30',Null,-1,Null),
(493,112,'2007.01.01',Null,0,'3'),
(508,286,'2007.01.11',Null,-1,Null),
(510,422,'2006.12.17',Null,0,'4'),
(511,207,'2006.12.18',Null,0,'1'),
(515,4,'2006.12.26',Null,0,'2'),
(517,222,'2007.01.06',Null,0,'3'),
(525,289,'2007.01.15',Null,0,'5'),
(567,180,'2007.01.12','2007.01.12',0,Null),
(569,431,'2007.01.03',Null,0,'5'),
(596,178,'2007.01.11',Null,0,'2'),
(606,252,'2006.12.17',Null,0,'3'),
(629,64,'2007.01.15',Null,0,'4'),
(632,151,'2007.01.15',Null,0,'5'),
(635,276,'2006.12.28','2006.12.28',0,Null),
(647,419,'2007.01.15',Null,0,'3'),
(650,13,'2007.01.08',Null,0,'1'),
(6,339,'2007.01.05',Null,0,'4'),
(11,250,'2007.01.16',Null,0,'1'),
(23,306,'2007.01.12',Null,0,'3'),
(101,117,'2006.12.26',Null,0,'1'),
(195,369,'2007.01.16',Null,0,'3'),
(215,26,'2007.01.16',Null,0,'1'),
(229,8,'2007.01.16',Null,0,Null),
(234,260,'2007.01.16',Null,-1,Null),
(244,310,'2006.12.31',Null,0,'5'),
(250,104,'2006.12.20','2006.12.20',0,Null),
(254,333,'2007.01.16','2007.01.16',0,Null),
(262,271,'2006.12.25',Null,0,'1'),
(280,113,'2007.01.11',Null,0,'3'),
(283,102,'2006.12.18',Null,0,'2'),
(295,17,'2007.01.02',Null,0,'3'),
(316,167,'2007.01.16',Null,0,'3'),
(327,425,'2007.01.11',Null,0,'2'),
(376,20,'2007.01.16',Null,0,'4'),
(416,151,'2007.01.16',Null,0,'3'),
(428,432,'2007.01.10','2007.01.11',0,Null),
(433,262,'2007.01.01',Null,0,'5'),
(435,109,'2007.01.16',Null,0,Null),
(487,407,'2007.01.16',Null,0,'4'),
(510,440,'2007.01.12',Null,0,'2'),
(537,253,'2007.01.08',Null,0,'2'),
(550,304,'2007.01.08',Null,0,'2'),
(559,168,'2006.12.19',Null,0,Null),
(561,420,'2007.01.03',Null,0,'2'),
(615,242,'2006.12.15',Null,-1,Null),
(648,422,'2006.12.18',Null,0,'1'),
(21,12,'2006.12.24',Null,0,'4'),
(27,300,'2007.01.10',Null,0,'3'),
(30,163,'2007.01.14',Null,0,'3'),
(45,188,'2007.01.17',Null,0,'5'),
(65,14,'2007.01.05',Null,0,'3'),
(67,379,'2007.01.15',Null,0,'3'),
(70,303,'2007.01.17',Null,0,'5'),
(75,284,'2007.01.15',Null,0,'3'),
(86,292,'2007.01.17',Null,0,'2'),
(89,346,'2007.01.17','2007.01.17',0,Null),
(90,127,'2007.01.15',Null,0,'2'),
(94,337,'2006.12.17',Null,0,'4'),
(131,268,'2007.01.17',Null,0,'5'),
(145,337,'2006.12.16',Null,0,'1'),
(153,284,'2007.01.14',Null,0,'5'),
(162,137,'2006.12.18',Null,0,'5'),
(166,149,'2006.12.27','2006.12.28',0,Null),
(230,47,'2006.12.18',Null,0,'1'),
(246,337,'2006.12.18',Null,-1,Null),
(247,264,'2007.01.17','2007.01.21',0,Null),
(255,211,'2006.12.25',Null,0,'5'),
(294,266,'2007.01.17',Null,0,'2'),
(320,180,'2007.01.12',Null,0,'4'),
(349,200,'2007.01.09',Null,0,'1'),
(393,243,'2007.01.10',Null,-1,Null),
(430,47,'2006.12.18',Null,0,'3'),
(436,210,'2007.01.17','2007.01.17',0,Null),
(443,154,'2007.01.01','2007.01.01',0,Null),
(445,323,'2007.01.17',Null,0,'2'),
(461,353,'2007.01.02',Null,-1,Null),
(487,249,'2006.12.18',Null,0,Null),
(495,35,'2007.01.17','2007.01.17',0,Null),
(500,389,'2007.01.17',Null,0,'2'),
(521,10,'2006.12.19',Null,0,Null),
(526,93,'2006.12.31','2006.12.31',0,Null),
(549,192,'2006.12.28',Null,0,'3'),
(550,342,'2006.12.20',Null,0,'5'),
(563,385,'2007.01.08',Null,-1,Null),
(564,41,'2007.01.17',Null,0,'4'),
(575,325,'2006.12.17',Null,0,Null),
(585,78,'2006.12.18',Null,0,'2'),
(599,61,'2007.01.17',Null,0,'3'),
(641,295,'2007.01.17',Null,0,'2'),
(641,95,'2007.01.15',Null,0,'1'),
(651,190,'2006.12.19',Null,0,'2'),
(51,288,'2006.12.27',Null,-1,Null),
(54,197,'2006.12.28',Null,0,'3'),
(72,296,'2007.01.18',Null,0,'2'),
(95,148,'2006.12.17',Null,0,'3'),
(121,156,'2007.01.09','2007.01.09',0,Null),
(179,226,'2007.01.18',Null,0,'3'),
(244,90,'2007.01.06',Null,-1,Null),
(276,29,'2006.12.27',Null,0,'1'),
(283,191,'2007.01.01',Null,0,'2'),
(315,236,'2007.01.13','2007.01.14',0,Null),
(316,84,'2006.12.18','2006.12.18',0,Null),
(320,139,'2006.12.30',Null,0,'2'),
(350,185,'2007.01.16',Null,0,'1'),
(354,185,'2007.01.15',Null,0,'1'),
(367,257,'2007.01.18',Null,0,'2'),
(373,68,'2007.01.11',Null,0,'1'),
(394,381,'2006.12.18',Null,0,Null),
(410,93,'2006.12.30',Null,0,'1'),
(422,92,'2006.12.28',Null,0,'2'),
(466,225,'2007.01.14','2007.01.14',0,Null),
(490,439,'2006.12.17',Null,0,'1'),
(506,313,'2006.12.21',Null,0,Null),
(515,26,'2007.01.18','2007.01.21',0,Null),
(585,331,'2007.01.03',Null,0,Null),
(586,334,'2007.01.07',Null,0,'5'),
(586,74,'2006.12.17',Null,0,'3'),
(597,256,'2007.01.02',Null,0,'4'),
(600,181,'2007.01.07',Null,-1,Null),
(624,180,'2007.01.13',Null,0,'4'),
(639,94,'2007.01.03',Null,0,'2'),
(647,295,'2007.01.18',Null,0,'3'),
(648,405,'2006.12.17',Null,0,'1'),
(649,79,'2007.01.05','2007.01.07',0,Null),
(2,259,'2007.01.14',Null,0,'3'),
(6,27,'2006.12.18',Null,0,'4'),
(32,63,'2006.12.26',Null,0,'3'),
(33,165,'2007.01.19',Null,-1,Null),
(44,241,'2007.01.07',Null,0,'4'),
(59,266,'2007.01.18',Null,-1,Null),
(199,24,'2007.01.17',Null,0,'2'),
(202,241,'2007.01.07','2007.01.07',0,Null),
(214,238,'2006.12.17','2006.12.18',0,Null),
(214,288,'2006.12.26',Null,0,Null),
(218,253,'2007.01.08',Null,0,'1'),
(227,319,'2007.01.01',Null,-1,Null),
(230,412,'2006.12.19',Null,-1,Null),
(231,160,'2007.01.14',Null,0,Null),
(240,47,'2006.12.19',Null,0,'2'),
(248,369,'2007.01.19',Null,0,'4'),
(249,262,'2007.01.02',Null,0,'4'),
(252,412,'2006.12.19',Null,0,'2'),
(256,264,'2007.01.19',Null,0,'2'),
(265,187,'2007.01.07',Null,0,'4'),
(276,130,'2006.12.31',Null,0,'3'),
(285,110,'2007.01.19',Null,0,'2'),
(285,223,'2007.01.08',Null,0,'2'),
(300,63,'2006.12.27',Null,0,'3'),
(302,243,'2007.01.11',Null,0,'2'),
(312,354,'2007.01.01','2007.01.02',0,Null),
(329,96,'2007.01.09',Null,0,'3'),
(340,149,'2006.12.26',Null,-1,Null),
(342,429,'2006.12.26','2006.12.27',0,Null),
(385,3,'2006.12.17',Null,0,'2'),
(420,410,'2007.01.19',Null,0,'2'),
(437,310,'2006.12.31',Null,0,'2'),
(447,334,'2007.01.07',Null,0,'5'),
(501,370,'2007.01.19',Null,0,'4'),
(536,254,'2006.12.18',Null,0,Null),
(550,248,'2006.12.18',Null,0,'1'),
(561,121,'2007.01.15',Null,0,'3'),
(565,291,'2006.12.16','2006.12.16',0,Null),
(592,86,'2007.01.09',Null,0,'1'),
(596,176,'2006.12.27','2006.12.27',0,Null),
(607,92,'2006.12.26',Null,0,'3'),
(628,298,'2007.01.19',Null,0,'1'),
(13,125,'2006.12.30',Null,0,'2'),
(18,292,'2007.01.20',Null,-1,Null),
(40,121,'2007.01.15',Null,0,Null),
(71,335,'2007.01.16',Null,0,Null),
(72,112,'2007.01.01',Null,0,'1'),
(74,300,'2007.01.09','2007.01.09',0,Null),
(80,305,'2007.01.20',Null,0,'4'),
(92,329,'2007.01.20',Null,0,'1'),
(93,2,'2007.01.15',Null,0,'3'),
(101,3,'2006.12.18','2006.12.18',0,Null),
(106,299,'2007.01.14',Null,0,'2'),
(106,419,'2007.01.20',Null,0,'2'),
(115,419,'2007.01.20',Null,0,'2'),
(124,10,'2006.12.19',Null,0,'1'),
(139,93,'2007.01.01','2007.01.01',0,Null),
(142,105,'2006.12.15','2006.12.16',0,Null),
(154,227,'2007.01.02',Null,0,Null),
(156,263,'2007.01.20','2007.01.20',0,Null),
(180,330,'2006.12.18',Null,0,'3'),
(189,116,'2007.01.01',Null,-1,Null),
(199,317,'2007.01.20','2007.01.24',0,Null),
(206,160,'2007.01.13',Null,0,'3'),
(209,276,'2006.12.27',Null,0,'1'),
(214,56,'2006.12.25',Null,0,'3'),
(220,366,'2006.12.15',Null,0,'2'),
(237,221,'2007.01.01','2007.01.01',0,Null),
(238,429,'2006.12.26',Null,0,'1'),
(250,404,'2007.01.20',Null,0,'2'),
(270,274,'2007.01.02','2007.01.02',0,Null),
(271,153,'2007.01.20',Null,0,'4'),
(275,90,'2007.01.06',Null,0,'2'),
(280,413,'2007.01.20',Null,-1,Null),
(310,429,'2006.12.27',Null,0,'2'),
(359,238,'2006.12.18','2006.12.18',0,Null),
(382,252,'2006.12.17',Null,0,'3'),
(400,143,'2006.12.31',Null,0,'1'),
(404,52,'2006.12.31',Null,0,'5'),
(412,357,'2007.01.20',Null,-1,Null),
(416,263,'2007.01.20',Null,0,'1'),
(430,8,'2007.01.17',Null,0,'1'),
(450,233,'2006.12.18',Null,0,'3'),
(465,144,'2006.12.27',Null,0,'1'),
(465,306,'2007.01.14',Null,0,'1'),
(483,414,'2007.01.09',Null,0,'2'),
(485,44,'2007.01.15',Null,0,'3'),
(496,381,'2006.12.19',Null,0,'1'),
(519,291,'2006.12.17',Null,0,'1'),
(554,248,'2006.12.20',Null,0,Null),
(636,432,'2007.01.11',Null,0,'1'),
(9,349,'2006.12.16',Null,-1,Null),
(17,248,'2006.12.19',Null,0,'1'),
(18,65,'2006.12.26',Null,0,'5'),
(21,422,'2006.12.19',Null,0,'2'),
(29,224,'2006.12.18','2006.12.19',0,Null),
(32,171,'2006.12.21',Null,0,'1'),
(41,58,'2007.01.21',Null,0,'5'),
(98,385,'2007.01.06',Null,-1,Null),
(144,202,'2007.01.09',Null,0,'3'),
(151,147,'2007.01.21',Null,0,'2'),
(156,179,'2006.12.20','2006.12.20',0,Null),
(161,384,'2006.12.15',Null,0,'3'),
(171,192,'2006.12.28','2006.12.28',0,Null),
(172,316,'2007.01.07',Null,0,'2'),
(180,209,'2006.12.15',Null,0,'5'),
(227,111,'2007.01.15',Null,0,'3'),
(235,69,'2007.01.21','2007.01.21',0,Null),
(243,54,'2007.01.01','2007.01.02',0,Null),
(251,344,'2007.01.08',Null,0,'5'),
(262,429,'2006.12.27',Null,0,'2'),
(283,122,'2007.01.03','2007.01.03',0,Null),
(287,420,'2007.01.02','2007.01.03',0,Null),
(288,342,'2006.12.20',Null,-1,Null),
(303,106,'2007.01.07',Null,0,'3'),
(304,2,'2007.01.13','2007.01.13',0,Null),
(314,301,'2007.01.16','2007.01.16',0,Null),
(319,413,'2007.01.21',Null,0,'4'),
(322,289,'2007.01.21',Null,0,'2'),
(328,398,'2006.12.15',Null,0,'1'),
(336,417,'2006.12.28',Null,0,'2'),
(346,366,'2006.12.15','2006.12.17',0,Null),
(347,221,'2007.01.02',Null,0,'5'),
(382,174,'2007.01.16','2007.01.18',0,Null),
(383,119,'2006.12.24',Null,0,'4'),
(400,190,'2006.12.20',Null,0,Null),
(408,443,'2007.01.15','2007.01.17',0,Null),
(428,403,'2007.01.21',Null,0,'2'),
(431,322,'2007.01.08',Null,-1,Null),
(465,22,'2007.01.04',Null,-1,Null),
(465,270,'2006.12.25','2006.12.26',0,Null),
(488,86,'2007.01.08','2007.01.09',0,Null),
(501,433,'2007.01.09',Null,0,'1'),
(520,73,'2007.01.14',Null,0,'3'),
(524,94,'2007.01.02',Null,0,'2'),
(527,139,'2006.12.30','2006.12.31',0,Null),
(535,299,'2007.01.14','2007.01.16',0,Null),
(545,279,'2006.12.16','2006.12.17',0,Null),
(604,98,'2007.01.03',Null,0,'1'),
(605,228,'2006.12.15',Null,0,'5'),
(609,81,'2006.12.28',Null,-1,Null),
(615,252,'2006.12.16',Null,0,'1'),
(617,226,'2007.01.21',Null,0,'4'),
(624,88,'2007.01.10',Null,0,'1'),
(625,82,'2007.01.21',Null,0,'1'),
(629,393,'2007.01.07','2007.01.07',0,Null),
(643,371,'2007.01.10',Null,0,'1'),
(651,326,'2006.12.17',Null,0,'5'),
(26,247,'2007.01.16',Null,0,'1'),
(46,158,'2006.12.26',Null,0,'3'),
(57,13,'2007.01.08',Null,0,'2'),
(63,38,'2006.12.26',Null,0,'1'),
(65,384,'2006.12.17',Null,0,'5'),
(86,103,'2007.01.02',Null,0,'3'),
(92,5,'2007.01.15',Null,0,'1'),
(93,183,'2007.01.13',Null,0,'3'),
(124,194,'2006.12.16',Null,0,'2'),
(125,49,'2007.01.22',Null,0,'4'),
(141,362,'2007.01.22',Null,0,'1'),
(145,226,'2007.01.22',Null,-1,Null),
(145,336,'2007.01.17',Null,0,'2'),
(166,296,'2007.01.22',Null,0,'4'),
(176,220,'2007.01.02',Null,0,Null),
(178,13,'2007.01.10',Null,0,'1'),
(178,92,'2006.12.28',Null,0,'4'),
(181,247,'2007.01.15',Null,0,'5'),
(194,297,'2007.01.01',Null,0,'3'),
(198,291,'2006.12.17',Null,0,'2'),
(200,100,'2007.01.10',Null,0,'2'),
(215,168,'2006.12.21',Null,0,'3'),
(238,333,'2007.01.22',Null,-1,Null),
(244,174,'2007.01.16',Null,0,'2'),
(251,403,'2007.01.22',Null,0,'1'),
(265,244,'2007.01.07',Null,0,'4'),
(265,168,'2006.12.20',Null,0,Null),
(270,427,'2007.01.19',Null,0,Null),
(273,96,'2007.01.09',Null,0,'1'),
(341,106,'2007.01.07',Null,0,'3'),
(346,368,'2006.12.20',Null,-1,Null),
(348,386,'2006.12.18',Null,0,'3'),
(348,22,'2007.01.04',Null,0,'2'),
(362,195,'2006.12.27','2006.12.28',0,Null),
(367,72,'2007.01.20',Null,0,'4'),
(377,105,'2006.12.16','2006.12.17',0,Null),
(381,291,'2006.12.16',Null,0,'2'),
(433,299,'2007.01.14',Null,0,'1'),
(458,423,'2007.01.02',Null,0,'1'),
(464,196,'2007.01.06','2007.01.07',0,Null),
(482,395,'2006.12.16',Null,0,'2'),
(486,310,'2006.12.30',Null,0,'2'),
(488,173,'2007.01.03','2007.01.03',0,Null),
(555,174,'2007.01.16',Null,-1,Null),
(576,247,'2007.01.16','2007.01.16',0,Null),
(579,361,'2007.01.14',Null,0,'2'),
(618,10,'2006.12.21',Null,-1,Null),
(637,300,'2007.01.09','2007.01.09',0,Null),
(650,327,'2007.01.14','2007.01.16',0,Null),
(650,155,'2006.12.28',Null,0,'2'),
(8,10,'2006.12.21',Null,0,Null),
(32,256,'2007.01.03',Null,0,'3'),
(60,349,'2006.12.16',Null,0,'2'),
(120,200,'2007.01.10',Null,0,'5'),
(167,414,'2007.01.09','2007.01.10',0,Null),
(175,67,'2007.01.14',Null,0,'5'),
(255,286,'2007.01.11','2007.01.11',0,Null),
(280,107,'2006.12.18',Null,0,'2'),
(328,123,'2006.12.16',Null,0,'2'),
(332,71,'2007.01.07',Null,0,'2'),
(333,227,'2007.01.02',Null,0,'1'),
(340,251,'2007.01.06',Null,0,'2'),
(346,369,'2007.01.21',Null,0,'5'),
(367,335,'2007.01.16',Null,0,Null),
(396,335,'2007.01.15',Null,0,'3'),
(413,46,'2007.01.10',Null,0,'2'),
(414,124,'2006.12.27',Null,0,'4'),
(418,227,'2007.01.02',Null,0,'2'),
(534,419,'2007.01.23',Null,0,'4'),
(560,315,'2007.01.23',Null,0,'2'),
(564,145,'2006.12.30',Null,0,'3'),
(583,124,'2006.12.27',Null,0,'4'),
(615,233,'2006.12.18',Null,0,'5'),
(19,58,'2007.01.22',Null,0,'3'),
(123,142,'2006.12.17','2006.12.17',0,Null),
(125,160,'2007.01.14',Null,0,'1'),
(135,107,'2006.12.18',Null,0,'1'),
(162,289,'2007.01.21',Null,0,'1'),
(176,1,'2007.01.17',Null,0,'2'),
(221,312,'2006.12.26',Null,0,'1'),
(280,66,'2007.01.17',Null,0,'1'),
(302,99,'2006.12.15',Null,0,'1'),
(311,183,'2007.01.15',Null,0,'3'),
(329,190,'2006.12.20',Null,0,'2'),
(332,154,'2006.12.31',Null,0,'2'),
(344,121,'2007.01.16',Null,0,'1'),
(422,137,'2006.12.19',Null,0,'3'),
(497,36,'2007.01.21',Null,-1,Null),
(527,74,'2006.12.18',Null,0,'2'),
(540,333,'2007.01.24','2007.01.24',0,Null),
(555,233,'2006.12.20',Null,0,'4'),
(574,188,'2007.01.15',Null,0,'1'),
(579,17,'2007.01.04',Null,0,'3'),
(626,12,'2006.12.24',Null,0,'1'),
(17,203,'2006.12.26',Null,0,'4'),
(68,187,'2007.01.07',Null,0,Null),
(73,173,'2007.01.01',Null,0,'4'),
(87,196,'2007.01.07',Null,0,'4'),
(113,423,'2007.01.02','2007.01.02',0,Null),
(165,345,'2007.01.08',Null,0,'4'),
(214,237,'2006.12.15',Null,0,'2'),
(405,138,'2007.01.07',Null,0,'4'),
(411,190,'2006.12.20',Null,0,'5'),
(467,379,'2007.01.15',Null,0,'3'),
(474,108,'2007.01.07',Null,0,'1'),
(484,37,'2007.01.03',Null,0,'1'),
(507,151,'2007.01.21',Null,0,'4');
SELECT * FROM hallgato;
SELECT * FROM jelentkezes;
SELECT * FROM vizsga;
