--
-- Script was generated by Devart dbForge Studio 2019 for MySQL, Version 8.2.23.0
-- Product home page: http://www.devart.com/dbforge/mysql/studio
-- Script date 2023. 03. 07. 11:34:56
-- Server version: 5.5.5-10.1.38-MariaDB
-- Client version: 4.1
--

-- 
-- Disable foreign keys
-- 
/*!40014 SET @OLD_FOREIGN_KEY_CHECKS=@@FOREIGN_KEY_CHECKS, FOREIGN_KEY_CHECKS=0 */;

-- 
-- Set SQL mode
-- 
/*!40101 SET @OLD_SQL_MODE=@@SQL_MODE, SQL_MODE='NO_AUTO_VALUE_ON_ZERO' */;

-- 
-- Set character set the client will use to send SQL statements to the server
--
SET NAMES 'utf8';

--
-- Set default database
--
USE recept;

--
-- Drop table `users`
--
DROP TABLE IF EXISTS users;

--
-- Drop table `used`
--
DROP TABLE IF EXISTS used;

--
-- Drop table `ingredient`
--
DROP TABLE IF EXISTS ingredient;

--
-- Drop table `food`
--
DROP TABLE IF EXISTS food;

--
-- Drop table `category`
--
DROP TABLE IF EXISTS category;

--
-- Set default database
--
USE recept;

--
-- Create table `category`
--
CREATE TABLE category (
  id INT(11) NOT NULL AUTO_INCREMENT,
  categoryName VARCHAR(255) NOT NULL,
  PRIMARY KEY (id)
)
ENGINE = INNODB,
AUTO_INCREMENT = 7,
AVG_ROW_LENGTH = 2730,
CHARACTER SET utf8,
COLLATE utf8_hungarian_ci;

--
-- Create table `food`
--
CREATE TABLE food (
  id INT(11) NOT NULL AUTO_INCREMENT,
  foodName VARCHAR(255) NOT NULL,
  categoryID INT(11) NOT NULL,
  descriptionDate DATE NOT NULL,
  firstDate DATE DEFAULT NULL,
  PRIMARY KEY (id)
)
ENGINE = INNODB,
AUTO_INCREMENT = 117,
AVG_ROW_LENGTH = 141,
CHARACTER SET utf8,
COLLATE utf8_hungarian_ci;

--
-- Create foreign key
--
ALTER TABLE food 
  ADD CONSTRAINT FK_food_category_id FOREIGN KEY (categoryID)
    REFERENCES category(id);

--
-- Create table `ingredient`
--
CREATE TABLE ingredient (
  id INT(11) NOT NULL AUTO_INCREMENT,
  ingredientName VARCHAR(255) NOT NULL,
  PRIMARY KEY (id)
)
ENGINE = INNODB,
AUTO_INCREMENT = 232,
AVG_ROW_LENGTH = 70,
CHARACTER SET utf8,
COLLATE utf8_hungarian_ci;

--
-- Create table `used`
--
CREATE TABLE used (
  id INT(11) NOT NULL AUTO_INCREMENT,
  quantity DECIMAL(10, 2) DEFAULT NULL,
  unit VARCHAR(255) DEFAULT NULL,
  foodID INT(11) NOT NULL,
  ingredientID INT(11) NOT NULL,
  PRIMARY KEY (id)
)
ENGINE = INNODB,
AUTO_INCREMENT = 5541,
AVG_ROW_LENGTH = 73,
CHARACTER SET utf8,
COLLATE utf8_hungarian_ci;

--
-- Create foreign key
--
ALTER TABLE used 
  ADD CONSTRAINT FK_used_food_id FOREIGN KEY (foodID)
    REFERENCES food(id);

--
-- Create foreign key
--
ALTER TABLE used 
  ADD CONSTRAINT FK_used_ingredient_id FOREIGN KEY (ingredientID)
    REFERENCES ingredient(id);

--
-- Create table `users`
--
CREATE TABLE users (
  id INT(11) NOT NULL AUTO_INCREMENT,
  firstName VARCHAR(100) DEFAULT NULL,
  lastName VARCHAR(100) DEFAULT NULL,
  gender VARCHAR(15) DEFAULT NULL,
  username VARCHAR(20) NOT NULL,
  email VARCHAR(50) NOT NULL,
  password VARCHAR(20) DEFAULT NULL,
  number INT(11) DEFAULT NULL,
  PRIMARY KEY (id)
)
ENGINE = INNODB,
AUTO_INCREMENT = 2,
CHARACTER SET utf8,
COLLATE utf8_hungarian_ci;

-- 
-- Dumping data for table category
--
INSERT INTO category VALUES
(1, 'köret'),
(2, 'leves'),
(3, 'egytálétel'),
(4, 'húsétel'),
(5, 'főzelék'),
(6, 'tészta');

-- 
-- Dumping data for table ingredient
--
INSERT INTO ingredient VALUES
(1, 'krumpli'),
(2, 'liszt'),
(3, 'tojás'),
(4, 'olaj'),
(5, 'só'),
(6, 'tej'),
(7, 'élesztő'),
(8, 'cukor'),
(9, 'rétesliszt'),
(10, 'szerecsendió'),
(11, 'vöröshagyma'),
(12, 'gomba'),
(13, 'zsír'),
(14, 'bors'),
(15, 'rizs'),
(16, 'hagyma'),
(17, 'juhtúró'),
(18, 'finomliszt'),
(19, 'tejföl'),
(20, 'vaj'),
(21, 'mazsola'),
(22, 'káposzta'),
(23, 'őrölt kömény'),
(24, '20%-os ecet'),
(25, 'sárgarépa'),
(26, 'zöldbab'),
(27, 'zöldborsó'),
(28, 'kukorica'),
(29, 'tarhonya'),
(30, 'marhahús'),
(31, 'tarkabab'),
(32, 'fehérrépa'),
(33, 'csipetke'),
(34, 'pirospaprika'),
(35, 'babérlevél'),
(36, 'kristálycukor'),
(37, 'ketchup'),
(38, 'piros arany'),
(39, 'köménymag'),
(40, 'savanykás fehérbor'),
(41, 'citrom'),
(42, 'fahéj'),
(43, 'szegfűszeg'),
(44, 'brokkoli'),
(45, 'ételízesítő'),
(46, 'petrezselyemzöld'),
(47, 'reszelt tészta'),
(48, 'céklasaláta'),
(49, 'tejszín'),
(50, 'egres'),
(51, 'eper'),
(52, 'őrölt fahéj'),
(53, 'reszelt citromhéj'),
(54, 'porcukor'),
(55, 'sertéscomb'),
(56, 'fokhagyma'),
(57, 'ecet'),
(58, 'citromhéj'),
(59, 'burgonya'),
(60, 'lecsó'),
(61, 'petrezselyem'),
(62, 'fűszerpaprika'),
(63, 'kömény'),
(64, 'marhacsont'),
(65, 'zeller'),
(66, 'karalábé'),
(67, 'kelkáposzta'),
(68, 'vörföshagyma'),
(69, 'sűrített paradicsom'),
(70, 'szódabikarbóna'),
(71, 'egész bors'),
(72, 'gyömbér'),
(73, 'szerecsendió-virág'),
(74, 'zsemle'),
(75, 'sajt'),
(76, 'őrölt fehérbors'),
(77, 'őrölt gyömbér'),
(78, 'joghurt'),
(79, 'salátauborka'),
(80, 'márványsajt'),
(81, 'kapor'),
(82, 'fejtettbab'),
(83, 'füstölt tarja'),
(84, 'virsli'),
(85, 'szárazkolbász'),
(86, 'kolozsvári szalonna'),
(87, 'szalonnabőr'),
(88, 'leveskocka'),
(89, 'kelbimbó'),
(90, 'reszelt trappista sajt'),
(91, 'füstölt szalonna'),
(92, 'póréhagyma'),
(93, 'majoranna'),
(94, 'bajor virsli'),
(95, 'bőrös virsli'),
(96, 'őrölt bors'),
(97, 'egész kömény'),
(98, 'galamb'),
(99, 'petrezselyemgyökér'),
(100, 'citromlé'),
(101, 'héjas gesztenye'),
(102, 'édes fehérbor'),
(103, 'húslé'),
(104, 'paradicsom'),
(105, 'paprika'),
(106, 'gulyáskrém'),
(107, 'pörköltkrém'),
(108, 'marhahúsleves-kocka'),
(109, 'újhagyma'),
(110, 'snidling'),
(111, 'natúr tejszín'),
(112, 'reszelt gyömbér'),
(113, 'erőleves kocka'),
(114, 'görögdinnye'),
(115, 'vörösbor'),
(116, 'füstölt sonka'),
(117, 'darált sertéshús'),
(118, 'mustár'),
(119, 'karfiol'),
(120, 'káposztatorzsa'),
(121, 'szemesbors'),
(122, 'szegfűbors'),
(123, 'zellerlevél'),
(124, 'sáfrány'),
(125, 'füstölt sertéscsülök'),
(126, 'sütőkolbász'),
(127, 'zöldpaprika'),
(128, 'savanyúkáposzta'),
(129, 'szárított piros erős paprika'),
(130, 'babér'),
(131, 'lebbencstészta'),
(132, 'lencse'),
(133, 'cérnametélt'),
(134, 'marhalábszár'),
(135, 'sárgahüvelyű zöldbab'),
(136, 'fanyar vörösbor'),
(137, 'feketebors'),
(138, 'rizstészta'),
(139, 'sárgaborsó'),
(140, 'csuszatészta'),
(141, 'füstölt húsos szalonna'),
(142, 'füstölt kolbász'),
(143, 'tyúk'),
(144, 'kelvirág'),
(145, 'hús'),
(146, 'marhapacsni'),
(147, 'fanyar fehérbor'),
(148, 'sovány, kicsontozott tarja'),
(149, 'sertéshús'),
(150, 'olivaolaj'),
(151, 'sertéskaraj'),
(152, 'borjúcomb'),
(153, 'bélszín'),
(154, 'főtt burgonya'),
(155, 'marhafelsál'),
(156, 'flekken fűszerkeverék'),
(157, 'sertésláb'),
(158, 'paradicsompüré'),
(159, 'csípőspaprika'),
(160, 'libacomb'),
(161, 'bazsalikom'),
(162, 'libazsír'),
(163, 'konyak'),
(164, 'darált sertéscomb'),
(165, 'reszelt sajt'),
(166, 'makaróni'),
(167, 'paradicsomlé'),
(168, 'paradicsomkonzerv'),
(169, 'húsleves'),
(170, 'húsos szalonna'),
(171, 'debreceni kolbász'),
(172, 'darált hús'),
(173, 'parasztkolbász'),
(174, 'keménytojás'),
(175, 'zsemlemorzsa'),
(176, 'olvasztott libazsír'),
(177, 'cserkészkolbász'),
(178, 'főtt sonka'),
(179, 'tarja'),
(180, 'füstölthús'),
(181, 'pörköltkocka'),
(182, 'paprikakrém'),
(183, 'darált tarja'),
(184, 'szárított piros erőspaprika'),
(185, 'száraz rizs'),
(186, 'húsos paprika'),
(187, 'karaj'),
(188, 'szeletelt bacon'),
(189, 'filézett pulykamell'),
(190, 'prézli'),
(191, 'lángolt kolbász'),
(192, 'húsvéti sonka'),
(193, 'lapos hátszín'),
(194, 'fűszerek'),
(195, 'őrölt szerecsendió'),
(196, 'csemege'),
(197, 'csontozott karaj'),
(198, 'kicsontozott pulykamell'),
(199, 'uborka'),
(200, 'pulykamell'),
(201, 'szójamártás'),
(202, 'kukoricakeményítő'),
(203, 'szezámmag'),
(204, 'vágott zöldbab'),
(205, 'kockára vágott sárgarépa'),
(206, 'felszeletelt gomba'),
(207, 'száraz bab'),
(208, 'füstölt szalonna bőre'),
(209, 'csabai paradicsom ivólé'),
(210, 'spenót'),
(211, 'vizes zsemle'),
(212, 'gyalult tök'),
(213, 'finom kapor'),
(214, 'szilva'),
(215, 'búzadara'),
(216, 'lekvár'),
(217, 'margarin'),
(218, 'kakaópor'),
(219, 'darált dió'),
(220, 'vaníliáscukor'),
(221, 'száraztészta'),
(222, 'fejeskáposzta'),
(223, 'száraz kockatészta'),
(224, 'darált mák'),
(225, 'szélesmetélt tészta'),
(226, 'kifli'),
(227, 'mák'),
(228, 'füstölt főtt tarja'),
(229, 'szalonna'),
(230, 'kaporlevél'),
(231, 'tehéntúró');

-- 
-- Dumping data for table food
--
INSERT INTO food VALUES
(1, 'karfiolleves', 2, '2003-06-27', '2003-08-04'),
(2, 'töltött paprika', 3, '1991-04-01', '1991-05-06'),
(3, 'mákos guba', 6, '1991-04-27', '0000-00-00'),
(4, 'brokkolileves', 2, '1993-11-25', '1993-12-04'),
(5, 'Újházi tyúkhúsleves', 2, '1992-11-21', '1992-12-30'),
(6, 'krumplipüré', 1, '1996-09-02', '1996-09-25'),
(7, 'rizseshús', 3, '1995-01-19', '1995-02-18'),
(8, 'brassói aprópecsenye', 3, '1996-11-30', '1997-01-11'),
(9, 'húsvéti tekercs', 4, '1994-09-04', '1994-10-08'),
(10, 'sárgaborsóleves', 2, '1993-02-18', '1993-04-04'),
(11, 'babfőzelék', 5, '1996-03-05', '1996-04-19'),
(12, 'lebbencs', 2, '1991-07-04', '1991-08-25'),
(13, 'karalábéleves', 2, '1997-11-29', '1998-01-11'),
(14, 'hagymás rostélyos', 3, '1997-07-20', '1997-08-14'),
(15, 'finomfőzelék', 5, '1993-04-19', '1993-05-26'),
(16, 'hamisgulyás', 2, '1991-04-01', '1991-05-11'),
(17, 'zöldborsófőzelék', 5, '1991-07-21', '1991-08-13'),
(18, 'zöldbabos marhatokány', 4, '1994-12-12', '0000-00-00'),
(19, 'zöldséges pulykaragu', 4, '1994-12-21', '1995-01-26'),
(20, 'húsgombóc paradicsommártással', 3, '1998-11-27', '1998-12-08'),
(21, 'céklaleves', 2, '1999-02-04', '1999-02-13'),
(22, 'gulyásleves', 2, '1992-02-20', '1992-03-23'),
(23, 'mákos nudli', 6, '1997-07-04', '1997-08-10'),
(24, 'knédli', 1, '1997-03-01', '1997-04-06'),
(25, 'slambuc', 2, '1995-10-31', '1995-11-22'),
(26, 'csikóstokány', 3, '1991-08-26', '1991-09-12'),
(27, 'paradicsomleves', 2, '1994-02-16', '1994-03-31'),
(28, 'erdélyi krumplileves', 2, '1998-05-15', '1998-07-02'),
(29, 'tarhonya', 1, '1995-11-16', '1995-12-24'),
(30, 'körömpörkölt', 3, '1998-01-07', '1998-01-19'),
(31, 'milánói makaróni', 3, '1994-08-11', '0000-00-00'),
(32, 'mákostészta', 6, '1993-06-11', '1993-07-14'),
(33, 'húsleves', 2, '1991-07-13', '1991-09-03'),
(34, 'frank krumplileves', 2, '1995-01-23', '1995-03-02'),
(35, 'párolt zöldség', 1, '1999-01-10', '1999-02-09'),
(36, 'gesztenyekrémleves', 2, '1996-12-29', '1997-02-12'),
(37, 'erőleves', 2, '1992-08-25', '1992-09-01'),
(38, 'korhelyleves', 2, '1997-09-14', '1997-09-29'),
(39, 'fasírt', 4, '1991-08-07', '1991-09-04'),
(40, 'galambleves', 2, '1996-08-26', '1996-09-07'),
(41, 'lencsefőzelék', 5, '1995-08-25', '1995-10-05'),
(42, 'egresleves', 2, '1995-06-08', '1995-07-12'),
(43, 'paradicsomos krumpli', 5, '1992-05-02', '1992-06-23'),
(44, 'rakottkrumpli', 3, '1998-09-10', '1998-10-01'),
(45, 'sonkás burgonyatekercs', 3, '1995-04-15', '1995-05-09'),
(46, 'francia zöldségleves', 2, '1997-09-16', '1997-11-02'),
(47, 'zöldbableves', 2, '1997-08-11', '1997-09-28'),
(48, 'Sztroganoff pulyka', 4, '1991-05-25', '0000-00-00'),
(49, 'sajtos makaróni', 6, '1995-04-02', '1995-04-13'),
(50, 'burgonyakrokett', 1, '1995-05-22', '1995-07-02'),
(51, 'juhtúrós galuska', 1, '1992-03-21', '1992-04-05'),
(52, 'krumplistészta', 6, '1993-09-15', '1993-10-10'),
(53, 'tarhonyáshús', 3, '1999-04-23', '1999-06-01'),
(54, 'burgonyafánk', 1, '1993-11-08', '1993-12-08'),
(55, 'dödölle', 1, '1995-06-27', '1995-07-05'),
(56, 'sertésborda Dubarry módra', 4, '1996-09-16', '1996-10-09'),
(57, 'borsos tokány', 3, '1997-11-29', '1997-12-10'),
(58, 'párolt rizs', 1, '1992-10-05', '1992-11-23'),
(59, 'mazsolás rizs', 1, '1999-01-10', '1999-01-22'),
(60, 'krumpligombóc', 1, '1997-12-22', '1998-02-10'),
(61, 'sertésborda hentes módra', 4, '1995-09-24', '1995-11-06'),
(62, 'hagymás krumplileves', 2, '1993-03-18', '1993-04-05'),
(63, 'tökfőzelék', 5, '1991-06-23', '1991-07-14'),
(64, 'babgulyás', 2, '1995-02-07', '1995-03-19'),
(65, 'húsvéti pulykamell', 4, '1994-03-29', '1994-04-04'),
(66, 'palócleves', 2, '1992-01-11', '0000-00-00'),
(67, 'töltött gomba', 4, '1991-11-10', '1992-01-02'),
(68, 'túrós csusza', 6, '1999-02-12', '1999-03-02'),
(69, 'székelykáposzta', 3, '1995-09-09', '1995-10-02'),
(70, 'erdélyi fatányéros', 3, '1994-09-09', '1994-09-21'),
(71, 'rántott hús', 4, '1993-05-03', '1993-05-20'),
(72, 'Jókai bableves', 2, '1993-01-12', '1993-02-16'),
(73, 'spenót', 5, '1994-07-20', '1994-08-01'),
(74, 'nokedli', 1, '1999-05-16', '1999-07-05'),
(75, 'húsgombócleves', 2, '1995-04-29', '1995-05-27'),
(76, 'temesvári sertésborda', 4, '1996-11-14', '1996-12-08'),
(77, 'szalmaburgonya', 1, '1994-03-08', '1994-03-24'),
(78, 'csúsztatott palacsinta', 6, '1992-02-02', '1992-03-23'),
(79, 'krumplifőzelék', 5, '1994-08-28', '1994-09-26'),
(80, 'lencseleves', 2, '1997-02-18', '1997-03-10'),
(81, 'rakottkáposzta', 3, '1997-07-16', '0000-00-00'),
(82, 'hideg görögdinnyeleves', 2, '1995-01-23', '1995-02-05'),
(83, 'töltött karalábé', 3, '1995-10-19', '1995-11-04'),
(84, 'császármorzsa', 6, '1998-01-10', '1998-01-23'),
(85, 'sárgaborsófőzelék', 5, '1991-09-01', '1991-10-08'),
(86, 'erdélyi fokhagymaleves', 2, '1996-11-13', '1996-12-25'),
(87, 'Rákóczi-rostélyos', 4, '1995-11-12', '1995-11-22'),
(88, 'rántotta', 3, '1998-06-30', '1998-07-22'),
(89, 'zöldborsóleves', 2, '1994-10-31', '1994-12-11'),
(90, 'frankfurti leves', 2, '1993-08-30', '1993-10-03'),
(91, 'töltöttkáposzta', 3, '1992-03-19', '1992-04-06'),
(92, 'rizibizi', 1, '1991-08-17', '1991-08-23'),
(93, 'fokhagyma-krémleves', 2, '1992-07-30', '1992-09-05'),
(94, 'bakonyi szelet', 3, '1994-01-29', '1994-03-07'),
(95, 'szilvásgombóc', 6, '1993-03-20', '1993-04-05'),
(96, 'ludaskása', 3, '1997-03-21', '0000-00-00'),
(97, 'csevapcsicsa', 3, '1995-05-19', '1995-07-08'),
(98, 'paprikáskrumpli', 3, '1998-06-04', '1998-06-14'),
(99, 'borleves', 2, '1996-05-16', '1996-06-09'),
(100, 'sült hús', 4, '1992-02-28', '1992-03-17'),
(101, 'eperleves', 2, '1998-12-04', '1999-01-14'),
(102, 'sztrapacska', 6, '1993-06-26', '1993-07-23'),
(103, 'húsos makaróni', 6, '1997-07-03', '1997-07-08'),
(104, 'párolt káposzta', 1, '1994-12-26', '1995-01-25'),
(105, 'sonkás tészta', 6, '1992-07-22', '1992-09-02'),
(106, 'rósejbni', 1, '1998-03-24', '1998-05-14'),
(107, 'sajtos borda', 4, '1996-06-18', '1996-07-24'),
(108, 'hagymás tört krumpli', 1, '1991-08-12', '1991-09-23'),
(109, 'tarhonyaleves', 2, '1993-01-10', '1993-01-28'),
(110, 'gombaleves', 2, '1995-06-24', '1995-08-13'),
(111, 'szezámmagos pulykamell', 4, '1996-05-17', '1996-07-09'),
(112, 'fokhagymás joghurtleves', 2, '1997-06-09', '0000-00-00'),
(113, 'gombás rizs', 1, '1993-11-15', '1993-12-18'),
(114, 'káposztás tészta', 6, '1997-04-08', '1997-05-22'),
(115, 'francia bableves', 2, '1993-12-27', '1994-01-18'),
(116, 'kelkáposztafőzelék', 5, '1992-02-23', '1992-04-15');

-- 
-- Dumping data for table users
--
INSERT INTO users VALUES
(1, 'h', 'Fehér', 'férfi', 'h1', 'feher.h1@gmail.com', '$2b$10$bjJ.rLCmiu3EU', 33333333);

-- 
-- Dumping data for table used
--
INSERT INTO used VALUES
(4433, NULL, NULL, 20, 2),
(4434, 3.00, 'dl', 58, 15),
(4435, 5.00, 'dkg', 27, 138),
(4436, 3.00, 'gerezd', 63, 56),
(4437, 3.00, 'evőkanál', 60, 2),
(4438, NULL, NULL, 33, 72),
(4439, 1.00, NULL, 16, 108),
(4440, NULL, NULL, 25, 5),
(4441, NULL, NULL, 10, 45),
(4442, 1.00, 'dl', 101, 19),
(4443, 10.00, 'dkg', 115, 86),
(4444, NULL, NULL, 105, 34),
(4445, 3.00, 'gerezd', 85, 56),
(4446, 1.50, 'dl', 87, 115),
(4447, 10.00, 'dkg', 109, 86),
(4448, NULL, NULL, 96, 163),
(4449, NULL, NULL, 88, 5),
(4450, NULL, NULL, 38, 121),
(4451, 5.00, 'dkg', 8, 13),
(4452, 2.00, 'dl', 81, 19),
(4453, 2.00, 'dl', 73, 19),
(4454, 40.00, 'dkg', 88, 86),
(4455, NULL, NULL, 80, 34),
(4456, 2.00, 'dkg', 103, 13),
(4457, 1.00, NULL, 7, 104),
(4458, 1.00, 'evőkanál', 86, 2),
(4459, NULL, NULL, 91, 34),
(4460, NULL, NULL, 19, 45),
(4461, 20.00, 'dkg', 112, 79),
(4462, 1.00, 'evőkanál', 13, 2),
(4463, NULL, NULL, 91, 130),
(4464, NULL, NULL, 90, 34),
(4465, 2.00, NULL, 75, 25),
(4466, NULL, NULL, 44, 5),
(4467, NULL, NULL, 89, 34),
(4468, 1.00, NULL, 11, 35),
(4469, 2.00, 'dl', 79, 19),
(4470, 50.00, 'dkg', 47, 26),
(4471, 10.00, 'dkg', 46, 26),
(4472, NULL, NULL, 115, 35),
(4473, 2.00, 'pár', 115, 84),
(4474, NULL, NULL, 14, 118),
(4475, 2.00, 'dkg', 43, 13),
(4476, 25.00, 'dkg', 15, 27),
(4477, NULL, NULL, 61, 61),
(4478, 1.00, 'fej', 64, 16),
(4479, NULL, NULL, 38, 107),
(4480, 2.00, 'fej', 16, 11),
(4481, 15.00, 'dkg', 84, 20),
(4482, 10.00, 'dkg', 75, 116),
(4483, 1.00, NULL, 5, 66),
(4484, 1.00, 'fej', 13, 11),
(4485, NULL, NULL, 40, 5),
(4486, 1.00, NULL, 72, 25),
(4487, 15.00, 'dkg', 98, 85),
(4488, NULL, NULL, 80, 2),
(4489, 10.00, 'dkg', 59, 21),
(4490, NULL, NULL, 27, 8),
(4491, NULL, NULL, 116, 34),
(4492, 15.00, 'dkg', 25, 142),
(4493, 2.00, 'fej', 96, 11),
(4494, NULL, NULL, 35, 27),
(4495, NULL, NULL, 5, 5),
(4496, 35.00, 'dkg', 109, 1),
(4497, NULL, NULL, 83, 5),
(4498, 1.00, 'dl', 53, 103),
(4499, NULL, NULL, 90, 96),
(4500, 2.00, NULL, 85, 35),
(4501, NULL, NULL, 82, 114),
(4502, 10.00, 'dkg', 38, 85),
(4503, NULL, NULL, 88, 14),
(4504, NULL, NULL, 114, 54),
(4505, 1.00, NULL, 80, 25),
(4506, 50.00, 'dkg', 18, 155),
(4507, 3.00, 'dkg', 110, 13),
(4508, NULL, NULL, 85, 8),
(4509, 5.00, 'szál', 35, 25),
(4510, 3.00, NULL, 9, 74),
(4511, 16.00, NULL, 88, 3),
(4512, NULL, NULL, 93, 77),
(4513, 25.00, 'dkg', 31, 12),
(4514, 25.00, 'dkg', 24, 9),
(4515, 1.00, 'fej', 46, 11),
(4516, 10.00, 'dkg', 69, 86),
(4517, 3.00, 'szál', 2, 123),
(4518, 30.00, 'dkg', 2, 117),
(4519, 2.00, NULL, 46, 25),
(4520, 5.00, 'dkg', 37, 27),
(4521, 12.00, 'fej', 88, 11),
(4522, 2.00, 'dkg', 40, 13),
(4523, 1.00, 'kg', 73, 210),
(4524, 2.00, 'dkg', 75, 13),
(4525, 1.00, 'csokor', 63, 213),
(4526, NULL, NULL, 66, 14),
(4527, NULL, NULL, 15, 8),
(4528, 2.00, 'dl', 13, 19),
(4529, 25.00, 'dkg', 72, 31),
(4530, 2.00, 'fej', 109, 11),
(4531, 30.00, 'dkg', 66, 1),
(4532, 2.00, 'dl', 48, 103),
(4533, NULL, NULL, 103, 14),
(4534, NULL, NULL, 20, 88),
(4535, 50.00, 'dkg', 53, 134),
(4536, 25.00, 'dkg', 15, 205),
(4537, 2.00, 'pár', 44, 171),
(4538, NULL, NULL, 65, 6),
(4539, 2.00, 'dkg', 116, 13),
(4540, 1.00, 'fej', 72, 16),
(4541, 1.00, 'db', 42, 3),
(4542, NULL, NULL, 34, 93),
(4543, NULL, NULL, 7, 107),
(4544, 2.00, 'dkg', 63, 13),
(4545, NULL, NULL, 116, 2),
(4546, NULL, NULL, 62, 45),
(4547, 2.00, NULL, 72, 127),
(4548, 2.00, 'dl', 89, 19),
(4549, NULL, NULL, 97, 14),
(4550, 12.00, 'dkg', 50, 9),
(4551, NULL, NULL, 73, 45),
(4552, 2.00, 'dkg', 15, 20),
(4553, 4.00, 'szelet', 76, 151),
(4554, 2.00, 'dkg', 58, 13),
(4555, NULL, NULL, 22, 107),
(4556, 3.00, 'gerezd', 11, 56),
(4557, 2.00, 'mokkáskanál', 95, 52),
(4558, 2.00, 'dkg', 11, 13),
(4559, 2.00, 'dkg', 92, 13),
(4560, 2.00, 'db', 50, 3),
(4561, 25.00, 'dkg', 24, 18),
(4562, 5.00, NULL, 33, 25),
(4563, NULL, NULL, 4, 46),
(4564, NULL, NULL, 65, 3),
(4565, 2.00, 'dkg', 31, 13),
(4566, NULL, NULL, 80, 5),
(4567, 1.00, 'liter', 2, 169),
(4568, 1.00, 'liter', 2, 167),
(4569, NULL, NULL, 110, 45),
(4570, 3.00, 'szál', 37, 32),
(4571, 2.00, 'fej', 48, 11),
(4572, NULL, NULL, 102, 5),
(4573, 1.00, 'marék', 72, 33),
(4574, 15.00, 'dkg', 51, 17),
(4575, NULL, NULL, 113, 14),
(4576, 1.00, 'dl', 66, 136),
(4577, 25.00, 'dkg', 102, 17),
(4578, 2.00, 'szem', 53, 1),
(4579, 3.00, 'teáskanál', 98, 34),
(4580, 30.00, 'dkg', 69, 179),
(4581, NULL, NULL, 45, 5),
(4582, NULL, NULL, 86, 58),
(4583, 4.00, 'dkg', 36, 8),
(4584, 15.00, 'dkg', 84, 54),
(4585, 2.00, 'pár', 90, 95),
(4586, NULL, NULL, 30, 159),
(4587, 2.00, 'evőkanál', 93, 2),
(4588, NULL, NULL, 47, 34),
(4589, NULL, NULL, 46, 34),
(4590, NULL, NULL, 66, 97),
(4591, 4.00, 'szelet', 56, 187),
(4592, NULL, NULL, 33, 11),
(4593, 2.00, 'dl', 17, 49),
(4594, 10.00, 'dkg', 46, 89),
(4595, 2.00, NULL, 33, 32),
(4596, NULL, NULL, 38, 38),
(4597, NULL, NULL, 116, 23),
(4598, 3.00, NULL, 39, 3),
(4599, 50.00, 'dkg', 32, 225),
(4600, 5.00, 'dkg', 112, 80),
(4601, 1.00, 'fej', 103, 11),
(4602, 2.00, 'dl', 62, 111),
(4603, 2.00, NULL, 30, 127),
(4604, 50.00, NULL, 33, 121),
(4605, 1.00, 'ek', 101, 2),
(4606, NULL, NULL, 65, 14),
(4607, 2.00, NULL, 62, 113),
(4608, NULL, NULL, 34, 5),
(4609, 30.00, 'dkg', 66, 134),
(4610, 15.00, 'dkg', 23, 227),
(4611, NULL, NULL, 40, 100),
(4612, NULL, NULL, 109, 34),
(4613, 15.00, 'dkg', 44, 86),
(4614, NULL, NULL, 94, 45),
(4615, NULL, NULL, 53, 181),
(4616, 10.00, 'gerezd', 93, 56),
(4617, NULL, NULL, 41, 34),
(4618, NULL, NULL, 26, 14),
(4619, 50.00, 'dkg', 48, 198),
(4620, 15.00, 'dkg', 23, 9),
(4621, NULL, NULL, 2, 13),
(4622, 2.00, 'dl', 76, 103),
(4623, 15.00, 'dkg', 105, 191),
(4624, 2.00, 'fej', 31, 11),
(4625, 75.00, 'dkg', 38, 128),
(4626, 1.00, 'fej', 1, 119),
(4627, 20.00, 'dkg', 97, 30),
(4628, NULL, NULL, 84, 216),
(4629, NULL, NULL, 85, 2),
(4630, NULL, NULL, 85, 34),
(4631, 50.00, 'dkg', 100, 197),
(4632, NULL, NULL, 72, 46),
(4633, NULL, NULL, 48, 5),
(4634, 2.00, 'dkg', 73, 13),
(4635, NULL, NULL, 115, 34),
(4636, 2.00, 'dl', 36, 49),
(4637, NULL, NULL, 96, 93),
(4638, NULL, NULL, 61, 169),
(4639, 30.00, 'dkg', 50, 1),
(4640, 2.00, 'gerezd', 72, 56),
(4641, 1.00, 'evőkanál', 1, 2),
(4642, NULL, NULL, 14, 14),
(4643, NULL, NULL, 16, 45),
(4644, NULL, NULL, 90, 5),
(4645, 1.00, 'kg', 9, 187),
(4646, 5.00, 'dkg', 10, 33),
(4647, NULL, NULL, 89, 2),
(4648, 8.00, 'szelet', 71, 145),
(4649, NULL, NULL, 87, 13),
(4650, NULL, NULL, 93, 5),
(4651, 1.00, 'dl', 31, 19),
(4652, 1.00, 'fej', 19, 11),
(4653, 1.00, NULL, 25, 127),
(4654, NULL, NULL, 15, 34),
(4655, 5.00, 'dkg', 106, 20),
(4656, 2.00, 'dl', 103, 167),
(4657, 1.00, 'fej', 44, 11),
(4658, NULL, NULL, 91, 38),
(4659, NULL, NULL, 72, 5),
(4660, NULL, NULL, 105, 19),
(4661, NULL, NULL, 53, 14),
(4662, 3.00, 'db', 19, 205),
(4663, 50.00, 'dkg', 105, 223),
(4664, 0.50, 'dl', 53, 163),
(4665, 2.00, 'dkg', 95, 20),
(4666, 25.00, 'dkg', 87, 12),
(4667, 30.00, 'dkg', 45, 178),
(4668, 25.00, 'dkg', 84, 215),
(4669, 25.00, 'dkg', 62, 1),
(4670, NULL, NULL, 50, 10),
(4671, 2.00, 'gerezd', 41, 56),
(4672, 50.00, 'dkg', 63, 212),
(4673, 1.00, 'pohár', 86, 19),
(4674, 4.00, 'dl', 30, 115),
(4675, 1.00, NULL, 33, 65),
(4676, NULL, NULL, 63, 100),
(4677, 2.00, 'dkg', 1, 13),
(4678, 3.00, 'kávéskanál', 74, 5),
(4679, 3.00, NULL, 5, 25),
(4680, NULL, NULL, 3, 5),
(4681, NULL, NULL, 99, 43),
(4682, NULL, NULL, 14, 13),
(4683, 2.00, NULL, 75, 32),
(4684, NULL, NULL, 30, 39),
(4685, NULL, NULL, 13, 34),
(4686, 45.00, 'dkg', 28, 59),
(4687, 1.00, 'fej', 41, 11),
(4688, 8.00, 'szelet', 83, 86),
(4689, 1.00, 'fej', 1, 11),
(4690, 2.00, 'dl', 91, 115),
(4691, NULL, NULL, 99, 42),
(4692, 5.00, 'dkg', 6, 20),
(4693, NULL, NULL, 15, 2),
(4694, NULL, NULL, 46, 45),
(4695, 1.00, 'evőkanál', 4, 2),
(4696, NULL, NULL, 90, 45),
(4697, 15.00, 'szem', 64, 39),
(4698, 2.00, 'evőkanál', 36, 2),
(4699, 1.00, 'fej', 11, 11),
(4700, NULL, NULL, 39, 38),
(4701, 6.00, 'dkg', 23, 54),
(4702, NULL, NULL, 82, 54),
(4703, 2.00, 'szál', 27, 123),
(4704, 3.00, 'dkg', 79, 13),
(4705, NULL, NULL, 17, 34),
(4706, 2.00, 'gerezd', 75, 56),
(4707, 2.00, 'vizes', 62, 74),
(4708, 10.00, 'dkg', 53, 86),
(4709, 1.00, 'db', 54, 3),
(4710, 1.00, 'szál', 115, 32),
(4711, 30.00, 'dkg', 66, 135),
(4712, 4.00, 'gerezd', 86, 56),
(4713, NULL, NULL, 89, 5),
(4714, NULL, NULL, 67, 118),
(4715, 6.00, 'gerezd', 100, 56),
(4716, 70.00, 'dkg', 54, 2),
(4717, NULL, NULL, 107, 20),
(4718, 5.00, 'fej', 33, 11),
(4719, NULL, NULL, 17, 100),
(4720, 25.00, 'dkg', 95, 175),
(4721, NULL, NULL, 18, 34),
(4722, NULL, NULL, 67, 182),
(4723, 3.00, 'ek.', 28, 13),
(4724, NULL, NULL, 91, 87),
(4725, 3.00, 'dl', 113, 15),
(4726, 3.00, 'evőkanál', 103, 37),
(4727, 1.00, NULL, 7, 105),
(4728, 1.00, 'evőkanál', 24, 5),
(4729, NULL, NULL, 41, 8),
(4730, NULL, NULL, 52, 5),
(4731, 30.00, 'dkg', 95, 9),
(4732, 15.00, 'dkg', 34, 91),
(4733, 2.00, 'fej', 38, 11),
(4734, NULL, NULL, 110, 14),
(4735, 20.00, 'dkg', 91, 183),
(4736, NULL, NULL, 9, 72),
(4737, 1.00, 'l', 112, 78),
(4738, 2.00, 'dkg', 59, 13),
(4739, NULL, NULL, 94, 34),
(4740, 1.00, 'kávéskanál', 79, 8),
(4741, 25.00, 'dkg', 81, 15),
(4742, NULL, NULL, 35, 28),
(4743, 3.00, 'dl', 32, 216),
(4744, 40.00, 'dkg', 96, 12),
(4745, 2.00, 'dl', 69, 115),
(4746, 50.00, 'dkg', 6, 1),
(4747, 1.00, 'evőkanál', 57, 13),
(4748, NULL, NULL, 28, 62),
(4749, NULL, NULL, 7, 115),
(4750, 1.00, 'dkg', 109, 13),
(4751, 2.00, 'dl', 26, 19),
(4752, NULL, NULL, 17, 8),
(4753, 2.00, 'dl', 42, 49),
(4754, 1.00, 'kg', 39, 149),
(4755, 10.00, 'dkg', 61, 196),
(4756, 1.00, 'evőkanál', 57, 2),
(4757, 5.00, 'dkg', 80, 133),
(4758, 2.00, 'dkg', 69, 13),
(4759, 2.00, 'gerezd', 116, 56),
(4760, 2.00, 'gerezd', 37, 56),
(4761, NULL, NULL, 66, 5),
(4762, NULL, NULL, 16, 106),
(4763, 1.00, NULL, 12, 105),
(4764, 1.00, 'dkg', 98, 13),
(4765, 2.00, 'gerezd', 73, 56),
(4766, 2.00, NULL, 66, 32),
(4767, NULL, NULL, 48, 14),
(4768, NULL, NULL, 71, 18),
(4769, 1.00, 'mokkáskanál', 64, 34),
(4770, NULL, NULL, 75, 35),
(4771, NULL, NULL, 81, 14),
(4772, 2.00, NULL, 20, 168),
(4773, NULL, NULL, 37, 72),
(4774, 35.00, 'dkg', 31, 166),
(4775, NULL, NULL, 67, 14),
(4776, NULL, NULL, 100, 5),
(4777, 2.00, 'dl', 18, 103),
(4778, NULL, NULL, 38, 130),
(4779, NULL, NULL, 96, 96),
(4780, 2.00, 'dkg', 4, 13),
(4781, 2.00, 'dl', 48, 49),
(4782, 2.00, 'dl', 102, 19),
(4783, 1.00, NULL, 12, 104),
(4784, NULL, NULL, 81, 13),
(4785, NULL, NULL, 65, 190),
(4786, 3.00, NULL, 71, 3),
(4787, NULL, NULL, 51, 5),
(4788, 3.00, 'dkg', 18, 13),
(4789, NULL, NULL, 96, 161),
(4790, NULL, NULL, 84, 5),
(4791, NULL, NULL, 83, 118),
(4792, NULL, NULL, 115, 88),
(4793, NULL, NULL, 94, 2),
(4794, 10.00, 'dkg', 25, 141),
(4795, NULL, NULL, 67, 5),
(4796, 2.00, 'fej', 18, 11),
(4797, NULL, NULL, 116, 96),
(4798, 12.00, 'dkg', 95, 13),
(4799, NULL, NULL, 90, 2),
(4800, 1.20, 'l', 43, 209),
(4801, 40.00, 'dkg', 89, 27),
(4802, 2.00, 'dl', 110, 103),
(4803, 1.00, 'evőkanál', 64, 37),
(4804, NULL, NULL, 22, 106),
(4805, NULL, NULL, 113, 5),
(4806, NULL, NULL, 97, 5),
(4807, NULL, NULL, 32, 5),
(4808, 3.00, 'dkg', 37, 69),
(4809, 2.00, 'dkg', 80, 13),
(4810, NULL, NULL, 30, 158),
(4811, NULL, NULL, 93, 46),
(4812, NULL, NULL, 31, 118),
(4813, 50.00, 'dkg', 74, 18),
(4814, 20.00, 'dkg', 19, 206),
(4815, 70.00, 'dkg', 25, 59),
(4816, NULL, NULL, 9, 45),
(4817, 40.00, 'dkg', 18, 204),
(4818, 25.00, 'dkg', 100, 13),
(4819, 1.00, 'fej', 94, 11),
(4820, NULL, NULL, 97, 62),
(4821, 2.00, 'fej', 12, 11),
(4822, NULL, NULL, 91, 121),
(4823, NULL, NULL, 63, 8),
(4824, 4.00, 'dl', 73, 6),
(4825, 8.00, 'kanál', 30, 13),
(4826, 3.00, NULL, 91, 184),
(4827, 2.00, 'kávéskanál', 53, 34),
(4828, 3.00, 'dl', 92, 15),
(4829, 1.00, 'kávéskanál', 64, 36),
(4830, 30.00, 'dkg', 51, 2),
(4831, 25.00, 'dkg', 38, 83),
(4832, NULL, NULL, 107, 195),
(4833, 40.00, 'dkg', 41, 132),
(4834, NULL, NULL, 43, 23),
(4835, 1.00, 'fej', 89, 11),
(4836, 1.00, NULL, 72, 125),
(4837, NULL, NULL, 69, 96),
(4838, NULL, NULL, 39, 96),
(4839, 5.00, NULL, 33, 122),
(4840, 8.00, 'húsos', 88, 105),
(4841, NULL, NULL, 31, 5),
(4842, 2.00, NULL, 20, 3),
(4843, 2.00, 'gerezd', 19, 56),
(4844, 2.00, NULL, 64, 35),
(4845, NULL, NULL, 53, 5),
(4846, 5.00, 'fej', 22, 11),
(4847, 40.00, 'dkg', 115, 82),
(4848, 2.00, 'fej', 80, 11),
(4849, 5.00, 'dkg', 37, 67),
(4850, 10.00, 'dkg', 31, 86),
(4851, NULL, NULL, 79, 34),
(4852, 2.00, 'dl', 54, 6),
(4853, 2.00, 'dl', 57, 19),
(4854, 15.00, 'dkg', 68, 91),
(4855, 50.00, 'dkg', 90, 67),
(4856, 1.00, 'dl', 53, 136),
(4857, 3.00, 'dl', 24, 6),
(4858, 1.00, 'kávéskanál', 54, 8),
(4859, 12.00, 'dkg', 111, 203),
(4860, 1.00, 'fej', 39, 11),
(4861, NULL, NULL, 115, 2),
(4862, 1.00, 'gerezd', 9, 56),
(4863, NULL, NULL, 87, 2),
(4864, 50.00, 'dkg', 49, 166),
(4865, NULL, NULL, 69, 121),
(4866, 1.00, 'dl', 36, 102),
(4867, NULL, NULL, 116, 8),
(4868, 6.00, 'evőkanál', 78, 218),
(4869, 1.00, 'fej', 85, 11),
(4870, NULL, NULL, 34, 14),
(4871, 2.00, 'dl', 67, 19),
(4872, 20.00, 'dkg', 26, 91),
(4873, 1.00, 'dkg', 12, 13),
(4874, NULL, NULL, 76, 34),
(4875, 2.00, 'kávéskanál', 110, 2),
(4876, NULL, NULL, 22, 45),
(4877, 1.00, NULL, 5, 143),
(4878, 2.00, 'dl', 116, 19),
(4879, 2.00, NULL, 103, 104),
(4880, NULL, NULL, 37, 70),
(4881, 2.00, 'db', 2, 105),
(4882, 1.00, NULL, 53, 127),
(4883, 1.00, NULL, 66, 11),
(4884, 10.00, 'dkg', 19, 26),
(4885, 50.00, 'dkg', 61, 151),
(4886, 1.00, 'fej', 73, 11),
(4887, 1.00, 'evőkanál', 26, 2),
(4888, NULL, NULL, 107, 45),
(4889, 1.00, 'kg', 95, 1),
(4890, NULL, NULL, 43, 34),
(4891, 1.00, 'fej', 37, 68),
(4892, 1.00, 'fej', 43, 11),
(4893, 2.00, 'dkg', 40, 2),
(4894, NULL, NULL, 1, 46),
(4895, 2.00, 'teáskanál', 54, 5),
(4896, 50.00, 'dkg', 11, 207),
(4897, 40.00, 'dkg', 79, 1),
(4898, NULL, NULL, 12, 34),
(4899, NULL, NULL, 22, 5),
(4900, 16.00, 'dkg', 87, 91),
(4901, 25.00, 'dkg', 84, 9),
(4902, 5.00, 'dkg', 52, 13),
(4903, 2.00, 'dkg', 38, 13),
(4904, 8.00, 'szelet', 67, 86),
(4905, NULL, NULL, 66, 33),
(4906, 20.00, 'dkg', 53, 11),
(4907, 10.00, 'dkg', 3, 54),
(4908, 2.00, 'dkg', 64, 13),
(4909, 2.00, NULL, 98, 105),
(4910, 5.00, 'dkg', 78, 219),
(4911, 2.00, 'evőkanál', 30, 34),
(4912, 15.00, 'dkg', 44, 173),
(4913, NULL, NULL, 68, 5),
(4914, 10.00, 'dkg', 101, 54),
(4915, NULL, NULL, 76, 5),
(4916, 1.00, NULL, 25, 104),
(4917, 50.00, 'dkg', 101, 51),
(4918, NULL, NULL, 90, 97),
(4919, 10.00, 'dkg', 54, 1),
(4920, 20.00, 'dkg', 91, 179),
(4921, 2.00, 'dl', 46, 19),
(4922, 1.00, NULL, 95, 3),
(4923, NULL, NULL, 65, 2),
(4924, 4.00, 'szelet', 111, 200),
(4925, 10.00, 'dkg', 109, 29),
(4926, 1.00, NULL, 109, 105),
(4927, NULL, NULL, 16, 107),
(4928, NULL, NULL, 86, 8),
(4929, NULL, NULL, 107, 5),
(4930, 1.00, 'szál', 37, 65),
(4931, NULL, NULL, 66, 127),
(4932, NULL, NULL, 102, 230),
(4933, 35.00, 'dkg', 105, 228),
(4934, 10.00, 'dkg', 61, 83),
(4935, NULL, NULL, 62, 112),
(4936, NULL, NULL, 44, 175),
(4937, 2.00, 'dkg', 29, 13),
(4938, 4.00, 'szelet', 107, 187),
(4939, NULL, NULL, 110, 61),
(4940, NULL, NULL, 67, 34),
(4941, 1.00, 'fej', 56, 119),
(4942, 8.00, NULL, 9, 3),
(4943, NULL, NULL, 95, 5),
(4944, 3.00, NULL, 38, 129),
(4945, 2.00, 'dkg', 89, 13),
(4946, 1.00, 'fej', 69, 11),
(4947, 2.00, 'dkg', 90, 13),
(4948, 2.00, 'fej', 76, 11),
(4949, 1.00, NULL, 36, 3),
(4950, NULL, NULL, 11, 8),
(4951, NULL, NULL, 7, 38),
(4952, NULL, NULL, 5, 14),
(4953, NULL, NULL, 49, 13),
(4954, 25.00, 'dkg', 25, 140),
(4955, 10.00, 'dkg', 46, 90),
(4956, NULL, NULL, 33, 30),
(4957, 15.00, 'dkg', 33, 89),
(4958, 2.00, 'dkg', 54, 7),
(4959, 2.00, NULL, 83, 104),
(4960, NULL, NULL, 23, 5),
(4961, NULL, NULL, 66, 81),
(4962, 2.00, NULL, 33, 66),
(4963, 15.00, 'teáskanál', 20, 8),
(4964, 2.00, 'dkg', 17, 20),
(4965, 1.00, 'fej', 47, 11),
(4966, 2.00, 'dl', 18, 19),
(4967, 5.00, 'dkg', 76, 13),
(4968, 2.00, 'dl', 94, 103),
(4969, 2.00, 'ek', 28, 2),
(4970, NULL, NULL, 14, 156),
(4971, 2.00, 'fej', 115, 11),
(4972, 20.00, 'dkg', 91, 180),
(4973, 40.00, 'dkg', 19, 200),
(4974, 1.00, 'szál', 115, 85),
(4975, NULL, NULL, 79, 2),
(4976, 15.00, 'dkg', 45, 20),
(4977, 15.00, 'dkg', 33, 119),
(4978, NULL, NULL, 71, 194),
(4979, 2.00, 'fej', 83, 11),
(4980, 1.00, 'kávéskanál', 103, 34),
(4981, 1.00, 'evőkanál', 54, 4),
(4982, NULL, NULL, 102, 13),
(4983, 3.00, NULL, 2, 3),
(4984, NULL, NULL, 80, 35),
(4985, 1.00, NULL, 96, 105),
(4986, 1.00, NULL, 72, 32),
(4987, NULL, NULL, 86, 57),
(4988, 2.00, NULL, 40, 98),
(4989, NULL, NULL, 33, 124),
(4990, 30.00, 'dkg', 48, 12),
(4991, 5.00, 'dkg', 36, 20),
(4992, 35.00, 'dkg', 31, 164),
(4993, 0.50, 'kg', 43, 1),
(4994, NULL, NULL, 9, 5),
(4995, 20.00, 'dkg', 92, 27),
(4996, NULL, NULL, 112, 5),
(4997, 5.00, 'dkg', 46, 27),
(4998, NULL, NULL, 88, 34),
(4999, 1.00, 'dl', 19, 147),
(5000, NULL, NULL, 65, 13),
(5001, 25.00, 'dkg', 80, 132),
(5002, 3.00, 'dkg', 22, 13),
(5003, 50.00, 'dkg', 12, 1),
(5004, 1.00, 'liter', 20, 167),
(5005, NULL, NULL, 39, 5),
(5006, NULL, NULL, 69, 87),
(5007, 2.00, 'dkg', 27, 13),
(5008, NULL, NULL, 91, 107),
(5009, NULL, NULL, 100, 39),
(5010, 2.00, 'gerezd', 80, 56),
(5011, NULL, NULL, 31, 14),
(5012, 3.00, 'dkg', 16, 13),
(5013, 30.00, 'dkg', 16, 1),
(5014, 1.00, 'evőkanál', 86, 13),
(5015, 5.00, 'dkg', 42, 20),
(5016, 0.50, 'kg', 45, 59),
(5017, 4.00, 'szelet', 14, 155),
(5018, NULL, NULL, 109, 5),
(5019, 2.00, 'dl', 38, 115),
(5020, 4.00, 'fej', 98, 11),
(5021, NULL, NULL, 64, 38),
(5022, NULL, NULL, 80, 45),
(5023, 10.00, 'dkg', 33, 12),
(5024, 1.00, 'evőkanál', 25, 34),
(5025, 2.00, NULL, 41, 35),
(5026, 3.00, 'db', 51, 3),
(5027, NULL, NULL, 45, 14),
(5028, NULL, NULL, 94, 14),
(5029, 1.00, 'csipet', 101, 52),
(5030, 5.00, 'dkg', 40, 65),
(5031, 12.00, 'szál', 62, 109),
(5032, NULL, NULL, 7, 34),
(5033, NULL, NULL, 109, 61),
(5034, NULL, NULL, 71, 175),
(5035, 1.00, 'kg', 91, 128),
(5036, 1.00, 'teáskanál', 22, 39),
(5037, 2.00, 'dl', 15, 49),
(5038, NULL, NULL, 38, 87),
(5039, NULL, NULL, 82, 115),
(5040, NULL, NULL, 7, 37),
(5041, 1.00, NULL, 72, 104),
(5042, 3.00, 'dkg', 10, 13),
(5043, NULL, NULL, 39, 34),
(5044, 0.50, 'kg', 69, 128),
(5045, NULL, NULL, 4, 34),
(5046, NULL, NULL, 7, 13),
(5047, NULL, NULL, 22, 34),
(5048, 15.00, 'dkg', 70, 91),
(5049, 6.00, 'dkg', 62, 20),
(5050, 2.00, 'dkg', 41, 13),
(5051, 1.00, 'kg', 34, 1),
(5052, 2.00, 'fej', 2, 11),
(5053, 3.00, 'szál', 20, 123),
(5054, 1.50, 'kg', 81, 128),
(5055, NULL, NULL, 14, 4),
(5056, NULL, NULL, 10, 34),
(5057, 3.00, NULL, 13, 66),
(5058, 1.00, 'szál', 9, 191),
(5059, 40.00, 'dkg', 97, 149),
(5060, NULL, NULL, 105, 14),
(5061, 5.00, 'dkg', 3, 20),
(5062, 1.00, 'dl', 56, 147),
(5063, 2.00, NULL, 91, 3),
(5064, 0.50, 'kg', 114, 222),
(5065, NULL, NULL, 69, 130),
(5066, NULL, NULL, 116, 100),
(5067, NULL, NULL, 96, 45),
(5068, NULL, NULL, 44, 176),
(5069, NULL, NULL, 37, 46),
(5070, 15.00, 'teáskanál', 2, 8),
(5071, 4.00, 'dl', 38, 19),
(5072, 3.00, 'dkg', 24, 7),
(5073, 2.00, NULL, 30, 104),
(5074, 10.00, 'dkg', 5, 144),
(5075, 60.00, 'dkg', 22, 30),
(5076, 1.00, NULL, 53, 104),
(5077, 1.00, NULL, 5, 127),
(5078, 0.50, 'l', 3, 6),
(5079, 50.00, 'dkg', 7, 55),
(5080, NULL, NULL, 105, 5),
(5081, 1.00, 'fej', 27, 11),
(5082, 30.00, 'dkg', 68, 223),
(5083, 4.00, 'szelet', 65, 189),
(5084, 2.00, 'dl', 45, 19),
(5085, NULL, NULL, 83, 182),
(5086, 8.00, 'dkg', 91, 185),
(5087, NULL, NULL, 114, 5),
(5088, NULL, NULL, 5, 72),
(5089, 2.00, NULL, 20, 127),
(5090, NULL, NULL, 61, 45),
(5091, 15.00, 'dkg', 103, 165),
(5092, 25.00, 'dkg', 113, 12),
(5093, 2.00, 'dl', 75, 19),
(5094, 1.00, 'fej', 9, 11),
(5095, 4.00, 'db', 74, 3),
(5096, 80.00, 'dkg', 70, 154),
(5097, 80.00, 'dkg', 57, 146),
(5098, 1.00, 'szál', 64, 25),
(5099, 4.00, NULL, 84, 3),
(5100, 1.00, 'csokor', 62, 110),
(5101, 30.00, 'dkg', 75, 117),
(5102, NULL, NULL, 57, 5),
(5103, 100.00, 'dkg', 55, 1),
(5104, NULL, NULL, 11, 208),
(5105, 2.00, 'fej', 57, 11),
(5106, 2.00, NULL, 75, 1),
(5107, NULL, NULL, 36, 5),
(5108, NULL, NULL, 114, 14),
(5109, 1.00, 'dl', 18, 136),
(5110, NULL, NULL, 1, 45),
(5111, 2.00, 'dl', 93, 19),
(5112, 10.00, 'dkg', 42, 8),
(5113, 2.00, 'dl', 110, 19),
(5114, NULL, NULL, 52, 34),
(5115, NULL, NULL, 52, 14),
(5116, 5.00, NULL, 33, 43),
(5117, 6.00, 'gerezd', 33, 56),
(5118, 40.00, 'dkg', 67, 172),
(5119, 1.00, 'fej', 5, 11),
(5120, 2.00, 'dl', 100, 103),
(5121, 20.00, 'dkg', 9, 192),
(5122, NULL, NULL, 18, 5),
(5123, NULL, NULL, 8, 5),
(5124, 4.00, NULL, 45, 3),
(5125, 10.00, 'dkg', 45, 90),
(5126, NULL, NULL, 89, 45),
(5127, 1.00, 'evőkanál', 11, 24),
(5128, 2.00, 'dkg', 91, 13),
(5129, 1.00, 'marék', 64, 33),
(5130, 1.00, NULL, 16, 105),
(5131, 2.00, 'fej', 105, 11),
(5132, NULL, NULL, 33, 123),
(5133, 10.00, 'dkg', 98, 170),
(5134, NULL, NULL, 39, 175),
(5135, NULL, NULL, 115, 87),
(5136, 3.00, 'db', 24, 3),
(5137, NULL, NULL, 61, 158),
(5138, NULL, NULL, 9, 14),
(5139, NULL, NULL, 81, 34),
(5140, 30.00, 'dkg', 72, 126),
(5141, 2.00, 'dl', 106, 4),
(5142, 1.00, 'fej', 63, 11),
(5143, 4.00, 'dkg', 78, 36),
(5144, NULL, NULL, 66, 34),
(5145, 1.00, 'marék', 4, 47),
(5146, 3.00, 'dkg', 114, 13),
(5147, 1.00, 'liter', 99, 40),
(5148, 5.00, 'dkg', 47, 33),
(5149, 5.00, 'dkg', 28, 60),
(5150, NULL, NULL, 62, 5),
(5151, 1.00, 'teáskanál', 115, 8),
(5152, 8.00, NULL, 2, 186),
(5153, NULL, NULL, 26, 5),
(5154, 3.00, 'fej', 91, 11),
(5155, 2.00, 'dkg', 46, 20),
(5156, 1.00, NULL, 89, 3),
(5157, 30.00, 'dkg', 103, 221),
(5158, 2.00, 'kis', 2, 168),
(5159, 40.00, 'dkg', 8, 148),
(5160, 15.00, 'dkg', 12, 131),
(5161, 5.00, 'dkg', 93, 75),
(5162, 2.00, 'dl', 83, 19),
(5163, NULL, NULL, 41, 208),
(5164, 2.00, 'kávéskanál', 46, 2),
(5165, NULL, NULL, 62, 76),
(5166, NULL, NULL, 75, 45),
(5167, 50.00, 'dkg', 37, 30),
(5168, 1.00, 'marék', 13, 47),
(5169, 0.50, 'l', 84, 6),
(5170, 60.00, 'dkg', 87, 193),
(5171, NULL, NULL, 105, 13),
(5172, 2.00, 'teáskanál', 37, 45),
(5173, 20.00, 'dkg', 115, 83),
(5174, NULL, NULL, 32, 13),
(5175, 1.00, NULL, 57, 104),
(5176, 3.00, 'dl', 59, 15),
(5177, NULL, NULL, 26, 34),
(5178, NULL, NULL, 20, 13),
(5179, 2.00, 'szál', 109, 25),
(5180, 2.00, 'fej', 28, 11),
(5181, 2.00, 'dl', 97, 150),
(5182, 1.00, 'dl', 49, 19),
(5183, NULL, NULL, 103, 5),
(5184, 1.00, NULL, 22, 108),
(5185, NULL, NULL, 47, 45),
(5186, NULL, NULL, 2, 88),
(5187, NULL, NULL, 19, 96),
(5188, 4.00, 'levél', 91, 128),
(5189, NULL, NULL, 86, 5),
(5190, 2.00, 'dl', 11, 19),
(5191, 1.00, 'db', 60, 3),
(5192, NULL, NULL, 27, 45),
(5193, 5.00, 'dkg', 106, 13),
(5194, 30.00, 'dkg', 53, 29),
(5195, NULL, NULL, 12, 5),
(5196, 3.00, 'gerezd', 30, 56),
(5197, 2.00, 'fej', 26, 11),
(5198, NULL, NULL, 20, 96),
(5199, 25.00, 'dkg', 70, 151),
(5200, 6.00, 'csemege', 48, 199),
(5201, 1.00, 'fej', 110, 11),
(5202, 2.00, NULL, 22, 105),
(5203, NULL, NULL, 61, 14),
(5204, 8.00, 'fej', 67, 12),
(5205, NULL, NULL, 73, 8),
(5206, NULL, NULL, 30, 38),
(5207, 75.00, 'dkg', 81, 172),
(5208, NULL, NULL, 43, 8),
(5209, NULL, NULL, 31, 34),
(5210, 1.00, 'szál', 64, 32),
(5211, 25.00, 'teáskanál', 104, 8),
(5212, 5.00, 'dkg', 19, 28),
(5213, NULL, NULL, 75, 118),
(5214, 2.00, 'dl', 94, 19),
(5215, 6.00, 'dkg', 22, 33),
(5216, 2.00, 'dl', 1, 19),
(5217, 10.00, NULL, 3, 226),
(5218, NULL, NULL, 27, 34),
(5219, NULL, NULL, 33, 45),
(5220, 6.00, 'dkg', 5, 12),
(5221, 50.00, 'dkg', 106, 1),
(5222, NULL, NULL, 7, 5),
(5223, 2.00, 'dl', 90, 19),
(5224, 2.00, 'dl', 69, 19),
(5225, 100.00, 'dkg', 37, 64),
(5226, NULL, NULL, 104, 5),
(5227, 20.00, 'dkg', 68, 231),
(5228, 1.00, 'csokor', 28, 61),
(5229, NULL, NULL, 14, 5),
(5230, NULL, NULL, 33, 61),
(5231, 5.00, 'gerezd', 62, 56),
(5232, 1.00, NULL, 46, 66),
(5233, 1.50, 'dl', 72, 19),
(5234, NULL, NULL, 115, 13),
(5235, 4.00, 'szelet', 94, 145),
(5236, 35.00, 'dkg', 102, 91),
(5237, 1.00, 'fej', 79, 11),
(5238, 1.00, 'fej', 104, 22),
(5239, 4.00, 'dl', 91, 19),
(5240, 3.00, 'szál', 37, 25),
(5241, 2.00, NULL, 33, 120),
(5242, 30.00, 'dkg', 114, 223),
(5243, 1.00, 'fej', 15, 11),
(5244, 10.00, 'dkg', 99, 8),
(5245, 2.00, NULL, 98, 104),
(5246, NULL, NULL, 115, 33),
(5247, 4.00, 'db', 39, 74),
(5248, 2.00, 'gerezd', 112, 56),
(5249, 2.00, NULL, 111, 3),
(5250, 1.00, 'mokkáskanál', 72, 34),
(5251, NULL, NULL, 5, 46),
(5252, 1.00, NULL, 109, 104),
(5253, 5.00, 'dkg', 93, 20),
(5254, 5.00, 'dkg', 19, 20),
(5255, 1.00, NULL, 103, 127),
(5256, NULL, NULL, 50, 5),
(5257, 30.00, 'dkg', 52, 1),
(5258, NULL, NULL, 15, 100),
(5259, 2.00, NULL, 93, 74),
(5260, 8.00, 'dkg', 20, 15),
(5261, 10.00, 'dkg', 69, 180),
(5262, 3.00, 'gerezd', 115, 56),
(5263, NULL, NULL, 94, 23),
(5264, 8.00, 'dkg', 2, 15),
(5265, NULL, NULL, 30, 5),
(5266, NULL, NULL, 6, 5),
(5267, 25.00, 'dkg', 70, 152),
(5268, 2.00, 'fej', 75, 11),
(5269, 2.00, 'db', 37, 3),
(5270, 5.00, 'dkg', 61, 91),
(5271, NULL, NULL, 96, 162),
(5272, 6.00, 'dkg', 23, 13),
(5273, 30.00, 'dkg', 52, 223),
(5274, NULL, NULL, 78, 220),
(5275, NULL, NULL, 37, 73),
(5276, 15.00, 'dkg', 45, 18),
(5277, NULL, NULL, 41, 2),
(5278, NULL, NULL, 75, 14),
(5279, 10.00, 'dkg', 56, 188),
(5280, 4.00, 'dkg', 78, 9),
(5281, 40.00, 'dkg', 83, 172),
(5282, 3.00, 'fej', 30, 16),
(5283, 10.00, 'dkg', 32, 54),
(5284, 1.00, 'fej', 62, 11),
(5285, 35.00, 'dkg', 94, 12),
(5286, 15.00, 'dkg', 67, 165),
(5287, 1.00, NULL, 46, 3),
(5288, NULL, NULL, 62, 10),
(5289, 1.00, NULL, 69, 129),
(5290, 2.00, NULL, 83, 3),
(5291, NULL, NULL, 43, 5),
(5292, NULL, NULL, 2, 34),
(5293, 1.00, 'mokkáskanál', 19, 195),
(5294, 2.00, 'dkg', 47, 13),
(5295, NULL, NULL, 87, 45),
(5296, 4.00, NULL, 78, 3),
(5297, 15.00, 'dkg', 16, 32),
(5298, NULL, NULL, 27, 137),
(5299, 30.00, 'dkg', 22, 32),
(5300, 45.00, 'dkg', 108, 1),
(5301, 50.00, 'dkg', 85, 139),
(5302, NULL, NULL, 2, 96),
(5303, 1.00, 'marék', 1, 47),
(5304, 4.00, 'dkg', 113, 13),
(5305, NULL, NULL, 47, 46),
(5306, 2.00, 'szál', 115, 25),
(5307, 8.00, 'darab', 99, 3),
(5308, 2.00, 'gerezd', 105, 56),
(5309, 2.00, 'bögre', 7, 15),
(5310, 3.00, 'dkg', 48, 13),
(5311, 30.00, 'dkg', 22, 25),
(5312, 1.00, 'fej', 25, 16),
(5313, 25.00, 'dkg', 65, 178),
(5314, 5.00, 'dkg', 16, 33),
(5315, 2.00, 'dl', 107, 19),
(5316, NULL, NULL, 31, 37),
(5317, 1.00, 'pohár', 24, 19),
(5318, 2.00, NULL, 67, 104),
(5319, NULL, NULL, 112, 8),
(5320, 3.00, 'dl', 6, 6),
(5321, NULL, NULL, 1, 34),
(5322, 60.00, 'dkg', 4, 44),
(5323, 1.00, 'teáskanál', 16, 39),
(5324, 1.00, 'nagy', 87, 104),
(5325, NULL, NULL, 20, 37),
(5326, 3.00, 'gerezd', 79, 56),
(5327, NULL, NULL, 83, 34),
(5328, 40.00, 'dkg', 77, 1),
(5329, 1.00, NULL, 40, 3),
(5330, 0.50, 'kg', 23, 1),
(5331, NULL, NULL, 81, 5),
(5332, 30.00, NULL, 95, 214),
(5333, NULL, NULL, 16, 34),
(5334, 25.00, 'dkg', 64, 31),
(5335, 5.00, 'dkg', 40, 99),
(5336, 1.00, 'fej', 4, 11),
(5337, NULL, NULL, 38, 34),
(5338, 2.00, 'dl', 78, 6),
(5339, NULL, NULL, 104, 23),
(5340, NULL, NULL, 72, 2),
(5341, NULL, NULL, 21, 8),
(5342, 1.00, NULL, 33, 10),
(5343, 1.00, NULL, 23, 3),
(5344, 2.00, 'fej', 52, 11),
(5345, 4.00, NULL, 102, 3),
(5346, 2.00, 'dl', 115, 19),
(5347, 25.00, 'dkg', 10, 83),
(5348, NULL, NULL, 105, 229),
(5349, 4.00, 'db', 34, 94),
(5350, 1.00, NULL, 57, 105),
(5351, 2.00, 'dl', 21, 49),
(5352, 35.00, 'dkg', 110, 12),
(5353, 2.50, 'dl', 62, 6),
(5354, 5.00, 'gerezd', 39, 56),
(5355, 20.00, 'dkg', 32, 224),
(5356, NULL, NULL, 19, 46),
(5357, 20.00, 'dkg', 34, 25),
(5358, 20.00, 'dkg', 49, 75),
(5359, NULL, NULL, 49, 5),
(5360, 15.00, 'dkg', 12, 86),
(5361, 4.00, 'dkg', 72, 13),
(5362, 1.00, 'liter', 20, 169),
(5363, 1.00, 'evőkanál', 21, 2),
(5364, 9.00, NULL, 44, 174),
(5365, 10.00, 'dkg', 19, 27),
(5366, 1.00, 'dl', 57, 147),
(5367, NULL, NULL, 13, 45),
(5368, NULL, NULL, 27, 2),
(5369, 6.00, 'dkg', 53, 13),
(5370, 1.00, 'evőkanál', 111, 202),
(5371, 1.00, 'szál', 69, 85),
(5372, 2.00, 'szem', 60, 1),
(5373, 5.00, 'dkg', 112, 17),
(5374, NULL, NULL, 61, 13),
(5375, 2.00, 'pár', 38, 84),
(5376, 2.00, 'dkg', 104, 13),
(5377, NULL, NULL, 17, 2),
(5378, NULL, NULL, 89, 46),
(5379, 2.00, 'evőkanál', 110, 47),
(5380, 25.00, 'dkg', 70, 153),
(5381, NULL, NULL, 63, 2),
(5382, 8.00, 'karika', 67, 173),
(5383, 40.00, 'dkg', 88, 177),
(5384, 10.00, 'dkg', 5, 27),
(5385, 10.00, 'dkg', 70, 13),
(5386, 1.00, 'evőkanál', 41, 24),
(5387, NULL, NULL, 57, 14),
(5388, 8.00, 'karika', 83, 173),
(5389, 8.00, NULL, 30, 157),
(5390, NULL, NULL, 61, 2),
(5391, 5.00, 'gerezd', 8, 56),
(5392, 1.00, 'szál', 91, 85),
(5393, 2.00, 'evőkanál', 111, 201),
(5394, 1.00, 'szál', 34, 92),
(5395, 1.00, 'szál', 37, 66),
(5396, 4.00, 'dkg', 78, 217),
(5397, 2.00, 'evőkanál', 26, 13),
(5398, NULL, NULL, 18, 14),
(5399, 1.00, 'kávéskanál', 89, 8),
(5400, 10.00, 'dkg', 33, 44),
(5401, 100.00, 'dkg', 55, 9),
(5402, NULL, NULL, 46, 14),
(5403, NULL, NULL, 26, 45),
(5404, 2.00, 'dl', 4, 19),
(5405, NULL, NULL, 2, 37),
(5406, NULL, NULL, 56, 45),
(5407, 2.00, 'dkg', 13, 13),
(5408, 4.00, NULL, 79, 35),
(5409, NULL, NULL, 71, 13),
(5410, NULL, NULL, 75, 34),
(5411, NULL, NULL, 98, 5),
(5412, 1.00, 'dkg', 23, 20),
(5413, 3.00, 'dkg', 94, 13),
(5414, 25.00, 'dkg', 64, 30),
(5415, 2.00, 'fej', 20, 11),
(5416, 50.00, 'dkg', 42, 50),
(5417, 2.00, 'nagyobb', 96, 160),
(5418, 5.00, 'evőkanál', 104, 24),
(5419, 2.00, NULL, 75, 3),
(5420, NULL, NULL, 82, 100),
(5421, NULL, NULL, 70, 5),
(5422, 20.00, 'dkg', 102, 2),
(5423, 2.00, 'bögre', 96, 15),
(5424, 1.00, 'csipet', 101, 53),
(5425, 1.00, NULL, 16, 104),
(5426, 2.00, NULL, 22, 104),
(5427, 1.00, 'fej', 90, 11),
(5428, NULL, NULL, 69, 34),
(5429, 2.00, 'fej', 7, 11),
(5430, 5.00, 'dkg', 40, 25),
(5431, 4.00, 'nagyobb', 83, 66),
(5432, NULL, NULL, 10, 35),
(5433, NULL, NULL, 83, 14),
(5434, 10.00, 'dkg', 3, 224),
(5435, NULL, NULL, 2, 45),
(5436, 1.00, 'evőkanál', 79, 24),
(5437, 2.00, 'gerezd', 28, 56),
(5438, NULL, NULL, 87, 5),
(5439, 20.00, 'dkg', 91, 86),
(5440, NULL, NULL, 2, 2),
(5441, NULL, NULL, 28, 5),
(5442, 20.00, 'dkg', 31, 165),
(5443, NULL, NULL, 71, 5),
(5444, NULL, NULL, 11, 34),
(5445, NULL, NULL, 67, 45),
(5446, 60.00, 'dkg', 22, 1),
(5447, NULL, NULL, 87, 34),
(5448, 1.00, NULL, 5, 65),
(5449, 2.00, 'szem', 20, 104),
(5450, 40.00, 'dkg', 86, 55),
(5451, 2.00, 'dl', 68, 19),
(5452, 1.00, NULL, 5, 99),
(5453, 3.00, NULL, 66, 25),
(5454, 50.00, 'dkg', 14, 59),
(5455, 80.00, 'dkg', 98, 1),
(5456, 40.00, 'dkg', 17, 27),
(5457, NULL, NULL, 7, 163),
(5458, 2.00, 'fej', 67, 11),
(5459, NULL, NULL, 93, 76),
(5460, 3.00, 'dl', 44, 19),
(5461, NULL, NULL, 110, 34),
(5462, 15.00, 'dkg', 23, 54),
(5463, NULL, NULL, 55, 5),
(5464, NULL, NULL, 13, 46),
(5465, 3.00, 'fej', 55, 11),
(5466, NULL, NULL, 37, 5),
(5467, 1.50, 'kg', 44, 1),
(5468, 1.00, 'fej', 65, 11),
(5469, 2.00, 'dl', 56, 19),
(5470, NULL, NULL, 96, 5),
(5471, 5.00, 'szem', 2, 104),
(5472, NULL, NULL, 16, 5),
(5473, 1.00, 'fej', 113, 11),
(5474, 10.00, 'dkg', 107, 165),
(5475, NULL, NULL, 65, 5),
(5476, NULL, NULL, 114, 36),
(5477, NULL, NULL, 20, 45),
(5478, 1.00, 'teáskanál', 19, 77),
(5479, 5.00, 'dkg', 74, 13),
(5480, NULL, NULL, 7, 69),
(5481, 1.00, 'fej', 10, 11),
(5482, 5.00, 'dkg', 37, 12),
(5483, 1.00, 'fej', 116, 67),
(5484, NULL, NULL, 8, 96),
(5485, 5.00, NULL, 65, 3),
(5486, 1.00, 'kis', 66, 104),
(5487, NULL, NULL, 79, 5),
(5488, 1.00, 'fej', 17, 11),
(5489, 2.00, 'dl', 63, 19),
(5490, NULL, NULL, 43, 2),
(5491, 2.00, NULL, 72, 35),
(5492, NULL, NULL, 31, 161),
(5493, 1.00, 'gerezd', 87, 56),
(5494, 80.00, 'dkg', 26, 55),
(5495, NULL, NULL, 100, 118),
(5496, 3.00, 'fej', 108, 16),
(5497, 2.00, 'dl', 76, 19),
(5498, 25.00, 'dkg', 103, 172),
(5499, 2.00, NULL, 73, 211),
(5500, 2.00, 'dl', 47, 19),
(5501, 20.00, 'dkg', 16, 25),
(5502, NULL, NULL, 39, 118),
(5503, NULL, NULL, 37, 71),
(5504, NULL, NULL, 83, 45),
(5505, NULL, NULL, 20, 34),
(5506, 2.00, NULL, 67, 3),
(5507, NULL, NULL, 11, 2),
(5508, 1.00, 'dl', 71, 6),
(5509, 2.00, 'dl', 66, 19),
(5510, 1.50, 'kg', 27, 104),
(5511, NULL, NULL, 53, 107),
(5512, 10.00, 'dkg', 95, 54),
(5513, NULL, NULL, 96, 147),
(5514, 50.00, 'dkg', 36, 101),
(5515, 30.00, 'dkg', 20, 117),
(5516, NULL, NULL, 63, 34),
(5517, 1.00, 'csokor', 112, 81),
(5518, 5.00, 'fej', 14, 11),
(5519, 20.00, 'dkg', 57, 86),
(5520, 2.00, NULL, 46, 32),
(5521, NULL, NULL, 115, 45),
(5522, 0.50, 'mokkáskanál', 98, 39),
(5523, 2.00, 'pár', 98, 171),
(5524, 2.00, 'dkg', 85, 13),
(5525, 1.00, 'fej', 116, 11),
(5526, 1.00, 'kg', 102, 1),
(5527, 1.00, 'darab', 99, 41),
(5528, 35.00, 'dkg', 10, 139),
(5529, NULL, NULL, 28, 63),
(5530, 1.00, 'mokkáskanál', 23, 52),
(5531, 30.00, 'dkg', 29, 29),
(5532, NULL, NULL, 4, 45),
(5533, 40.00, 'dkg', 21, 48),
(5534, 1.00, 'fej', 81, 11),
(5535, 40.00, 'dkg', 76, 204),
(5536, NULL, NULL, 21, 5),
(5537, NULL, NULL, 59, 5),
(5538, NULL, NULL, 19, 5),
(5539, 10.00, 'dkg', 38, 86),
(5540, 20.00, 'dkg', 35, 26);

-- 
-- Restore previous SQL mode
-- 
/*!40101 SET SQL_MODE=@OLD_SQL_MODE */;

-- 
-- Enable foreign keys
-- 
/*!40014 SET FOREIGN_KEY_CHECKS=@OLD_FOREIGN_KEY_CHECKS */;